{"stats":{"minecraft:dropped":{"iceandfire:chared_stone":1,"minecraft:golden_boots":2,"minecraft:iron_sword":1,"minecraft:birch_planks":1,"minecraft:wheat_seeds":4,"minecraft:crafting_table":1,"spartanweaponry:boomerang_iron":3,"minecraft:cooked_porkchop":2,"iceandfire:hydra_arrow":1,"minecraft:golden_axe":1,"minecraft:feather":8,"minecraft:cobblestone":1,"minecraft:spectral_arrow":1,"minecraft:leather":3,"minecraft:nether_brick_wall":1,"minecraft:coal":2,"minecraft:stick":4,"minecraft:dirt":1,"minecraft:gray_wool":1,"iceandfire:silver_sword":2,"minecraft:crimson_roots":4,"minecraft:brown_wool":1,"spartanweaponry:battleaxe_iron":1,"minecraft:iron_leggings":1,"minecraft:gold_nugget":1,"gravestone:obituary":49,"minecraft:wooden_sword":1,"spartanweaponry:spider_head":2,"minecraft:wither_rose":1,"minecraft:iron_pickaxe":3,"minecraft:chainmail_leggings":2,"minecraft:string":1,"minecraft:white_wool":3,"minecraft:spruce_sapling":12,"minecraft:redstone":8,"minecraft:bone":4,"minecraft:crimson_fungus":1,"minecraft:stone_axe":2,"minecraft:sugar_cane":2,"minecraft:golden_chestplate":1,"minecraft:birch_sapling":1,"minecraft:obsidian":1,"spartanweaponry:flanged_mace_iron":1,"minecraft:rotten_flesh":7,"iceandfire:amphithere_arrow":1,"minecraft:oak_planks":13,"minecraft:iron_boots":1,"alexsmobs:bear_fur":1,"minecraft:red_terracotta":15,"minecraft:filled_map":1,"minecraft:poppy":2,"minecraft:gray_terracotta":1,"minecraft:spruce_planks":41,"minecraft:diamond_pickaxe":1,"minecraft:iron_chestplate":1,"iceandfire:bestiary":1,"minecraft:oak_boat":1,"minecraft:oak_sapling":19,"spartanweaponry:pike_iron":1,"minecraft:spruce_log":2,"minecraft:stone_pickaxe":1,"minecraft:glass":3,"minecraft:powered_rail":1,"minecraft:arrow":4,"minecraft:bow":1,"minecraft:wooden_pickaxe":2,"travelersbackpack:cake":1,"spartanweaponry:quarterstaff_iron":1},"minecraft:used":{"minecraft:stone_sword":25,"minecraft:chest":2,"minecraft:spruce_planks":36,"minecraft:iron_sword":193,"iceandfire:copper_ore":3,"minecraft:rotten_flesh":10,"minecraft:torch":22,"minecraft:dirt":4,"minecraft:mutton":15,"minecraft:jungle_planks":3,"spartanweaponry:hammer_iron":7,"travelersbackpack:iron":26,"minecraft:granite":2,"minecraft:cyan_terracotta":2,"iceandfire:podium_dark_oak":1,"minecraft:stone_bricks":3,"minecraft:beef":12,"minecraft:sweet_berries":37,"minecraft:furnace":3,"minecraft:cooked_beef":1,"minecraft:golden_axe":19,"minecraft:cooked_mutton":3,"minecraft:diorite":6,"minecraft:iron_ore":1,"minecraft:polished_andesite":7,"minecraft:stone_pickaxe":68,"minecraft:baked_potato":4,"minecraft:oak_planks":41,"spartanweaponry:boomerang_iron":23,"minecraft:wooden_pickaxe":18,"minecraft:salmon":4,"minecraft:white_wool":6,"minecraft:crafting_table":4,"minecraft:white_bed":5,"minecraft:gray_concrete":4,"minecraft:dark_prismarine":1,"minecraft:diamond_pickaxe":83,"minecraft:black_wool":1,"minecraft:apple":1,"minecraft:chicken":6,"minecraft:iron_pickaxe":178,"minecraft:bread":6,"minecraft:brown_wool":1,"minecraft:gravel":5,"spartanshields:shield_basic_iron":68,"minecraft:stone_axe":29,"iceandfire:dragon_skull_fire":1,"minecraft:wooden_sword":33,"minecraft:cobblestone":158,"minecraft:porkchop":14,"minecraft:cooked_porkchop":19,"minecraft:andesite":12,"alexsmobs:animal_dictionary":1},"minecraft:broken":{"minecraft:golden_helmet":1,"minecraft:golden_boots":1,"minecraft:golden_chestplate":1},"minecraft:killed":{"minecraft:spider":2,"minecraft:skeleton":8,"minecraft:chicken":6,"minecraft:magma_cube":3,"minecraft:pig":14,"alexsmobs:grizzly_bear":1,"minecraft:salmon":6,"minecraft:sheep":15,"minecraft:zombie":17,"alexsmobs:crocodile":1,"minecraft:blaze":1,"minecraft:cow":9},"minecraft:crafted":{"minecraft:wooden_sword":1,"minecraft:oak_planks":144,"travelersbackpack:iron":1,"minecraft:furnace":3,"minecraft:cooked_mutton":1,"minecraft:glass":15,"minecraft:diamond":9,"travelersbackpack:white_sleeping_bag":1,"minecraft:iron_boots":1,"iceandfire:armor_gray_helmet":1,"minecraft:stone_pickaxe":1,"minecraft:chest":3,"iceandfire:armor_bronze_chestplate":1,"minecraft:golden_boots":1,"minecraft:cooked_beef":2,"minecraft:emerald":9,"minecraft:cooked_porkchop":10,"minecraft:crafting_table":2,"minecraft:spruce_planks":84,"minecraft:iron_helmet":1,"travelersbackpack:backpack_tank":2,"minecraft:wooden_pickaxe":1,"travelersbackpack:standard":1,"minecraft:air":0,"minecraft:golden_leggings":1,"minecraft:iron_chestplate":1,"minecraft:diamond_pickaxe":1,"minecraft:stick":12,"minecraft:iron_ingot":7,"minecraft:iron_pickaxe":1,"minecraft:stone_sword":1,"minecraft:gold_ingot":1,"minecraft:white_bed":1,"iceandfire:silver_sword":1},"minecraft:mined":{"minecraft:dark_prismarine":5,"minecraft:spruce_planks":5,"minecraft:white_bed":3,"spartanweaponry:spider_head":1,"minecraft:mossy_cobblestone":1,"minecraft:nether_brick_wall":1,"minecraft:red_stained_glass":2,"iceandfire:podium_dark_oak":1,"gravestone:gravestone":24,"minecraft:jungle_planks":5,"minecraft:crimson_roots":4,"minecraft:spruce_leaves":10,"minecraft:crimson_fungus":1,"minecraft:spawner":4,"minecraft:large_fern":2,"minecraft:hay_block":3,"iceandfire:copper_ore":3,"minecraft:iron_ore":7,"minecraft:fire":6,"minecraft:andesite":2,"minecraft:pumpkin":1,"minecraft:gold_block":1,"minecraft:bookshelf":7,"iceandfire:gold_pile":12,"minecraft:iron_bars":1,"minecraft:stone":151,"minecraft:white_wool":4,"minecraft:gray_concrete":4,"minecraft:glass_pane":1,"minecraft:cyan_terracotta":4,"minecraft:crafting_table":2,"minecraft:chest":2,"minecraft:white_stained_glass_pane":2,"minecraft:mushroom_stem":20,"minecraft:tall_grass":11,"minecraft:cobblestone":17,"minecraft:oak_planks":1,"minecraft:sugar_cane":2,"minecraft:diorite":2,"minecraft:wall_torch":4,"minecraft:cyan_wool":1,"minecraft:red_terracotta":8,"minecraft:sweet_berry_bush":18,"minecraft:spruce_log":21,"minecraft:grass":46,"minecraft:dirt":4,"minecraft:oak_log":9,"minecraft:coal_ore":55,"minecraft:gravel":6,"minecraft:sand":15,"minecraft:polished_andesite":7,"minecraft:stone_bricks":24,"minecraft:oak_leaves":5,"minecraft:fern":1,"iceandfire:chared_stone":1},"minecraft:killed_by":{"minecraft:player":5,"minecraft:wither_skeleton":6,"iceandfire:cyclops":2,"minecraft:magma_cube":6,"alexsmobs:crocodile":1,"minecraft:skeleton":1,"minecraft:blaze":6,"minecraft:zombie":1},"minecraft:custom":{"minecraft:mob_kills":83,"minecraft:interact_with_crafting_table":32,"minecraft:open_barrel":4,"minecraft:leave_game":3,"minecraft:time_since_death":13176,"minecraft:climb_one_cm":6695,"minecraft:sprint_one_cm":749444,"minecraft:walk_one_cm":528317,"minecraft:damage_blocked_by_shield":1060,"minecraft:drop":267,"minecraft:talked_to_villager":2,"minecraft:deaths":28,"minecraft:sneak_time":14935,"minecraft:walk_under_water_one_cm":17121,"minecraft:jump":4289,"minecraft:walk_on_water_one_cm":71508,"minecraft:interact_with_furnace":47,"minecraft:interact_with_cartography_table":1,"minecraft:play_one_minute":223862,"minecraft:sleep_in_bed":6,"minecraft:time_since_rest":13206,"minecraft:damage_taken":10895,"minecraft:damage_dealt":10395,"minecraft:player_kills":2,"minecraft:swim_one_cm":33210,"minecraft:fly_one_cm":843557,"minecraft:open_chest":71,"minecraft:crouch_one_cm":28122,"minecraft:fall_one_cm":107553},"minecraft:picked_up":{"minecraft:crafting_table":3,"minecraft:iron_chestplate":1,"minecraft:chicken":6,"iceandfire:copper_ore":3,"minecraft:wooden_pickaxe":1,"minecraft:enchanted_book":2,"iceandfire:amphithere_arrow":1,"gravestone:obituary":17,"minecraft:iron_leggings":1,"iceandfire:bestiary":1,"minecraft:gold_nugget":232,"minecraft:spruce_planks":5,"minecraft:beef":16,"minecraft:oak_boat":1,"minecraft:iron_pickaxe":2,"minecraft:poppy":2,"minecraft:sugar_cane":2,"minecraft:chest":2,"minecraft:birch_sapling":1,"minecraft:iron_boots":1,"minecraft:stick":45,"iceandfire:dragonbone":6,"iceandfire:dragonscales_gray":7,"spartanshields:shield_basic_iron":1,"minecraft:torch":4,"minecraft:porkchop":25,"minecraft:golden_axe":1,"minecraft:diorite":2,"spartanweaponry:spider_head":2,"minecraft:redstone":4,"minecraft:arrow":15,"minecraft:rotten_flesh":15,"minecraft:hay_block":3,"iceandfire:fire_dragon_heart":2,"minecraft:cyan_terracotta":2,"minecraft:nether_brick_wall":1,"minecraft:blaze_rod":1,"minecraft:obsidian":1,"minecraft:mutton":24,"minecraft:white_wool":18,"minecraft:cobblestone":207,"minecraft:feather":14,"minecraft:andesite":12,"iceandfire:hydra_arrow":1,"minecraft:salmon":4,"minecraft:brown_wool":2,"minecraft:leather":9,"minecraft:crimson_fungus":1,"minecraft:birch_planks":1,"alexsmobs:bear_fur":1,"minecraft:flint":1,"minecraft:oak_log":36,"minecraft:paper":1,"minecraft:gray_concrete":4,"minecraft:dirt":6,"iceandfire:dragonscales_bronze":10,"minecraft:cooked_mutton":2,"minecraft:glass":6,"minecraft:bone":12,"minecraft:stone_bricks":23,"minecraft:apple":2,"minecraft:bow":1,"minecraft:wheat_seeds":4,"minecraft:iron_ore":10,"minecraft:iron_sword":1,"minecraft:oak_planks":77,"minecraft:book":21,"iceandfire:chared_stone":1,"minecraft:cooked_porkchop":8,"minecraft:sweet_berries":37,"iceandfire:dragon_skull_fire":3,"minecraft:gravel":5,"minecraft:sand":15,"minecraft:jungle_planks":3,"minecraft:spruce_sapling":12,"minecraft:white_bed":4,"minecraft:spruce_log":79,"iceandfire:podium_dark_oak":1,"minecraft:red_terracotta":8,"minecraft:mossy_cobblestone":2,"iceandfire:silver_sword":1,"minecraft:dark_prismarine":5,"minecraft:polished_andesite":7,"minecraft:stone_axe":1,"spartanweaponry:flanged_mace_iron":1,"minecraft:chainmail_leggings":1,"minecraft:iron_helmet":1,"minecraft:granite":2,"minecraft:gray_wool":1,"minecraft:bread":1,"minecraft:baked_potato":4,"minecraft:oak_sapling":19,"minecraft:black_wool":1,"minecraft:coal":58,"minecraft:crimson_roots":4,"minecraft:diamond_pickaxe":1}},"DataVersion":2586}