{"stats":{"minecraft:dropped":{"minecraft:gold_ore":1,"minecraft:iron_ingot":3,"minecraft:water_bucket":1,"minecraft:golden_boots":2,"minecraft:iron_sword":1,"minecraft:netherite_pickaxe":1,"minecraft:wheat_seeds":3,"minecraft:cooked_porkchop":4,"minecraft:cobblestone":7,"minecraft:feather":10,"minecraft:granite":4,"minecraft:jungle_planks":1,"minecraft:iron_horse_armor":2,"minecraft:rail":1,"minecraft:coal":4,"minecraft:flint":1,"minecraft:polished_andesite":4,"minecraft:stick":6,"minecraft:dirt":8,"minecraft:wooden_axe":1,"minecraft:iron_leggings":3,"gravestone:obituary":85,"minecraft:wooden_sword":1,"minecraft:sand":3,"minecraft:iron_pickaxe":1,"minecraft:chainmail_leggings":2,"minecraft:string":8,"minecraft:lily_pad":8,"minecraft:white_wool":1,"minecraft:cyan_carpet":3,"minecraft:bone":4,"alexsmobs:centipede_leg":4,"minecraft:gravel":3,"minecraft:blackstone":4,"minecraft:stone_axe":2,"minecraft:sweet_berries":5,"minecraft:golden_chestplate":1,"minecraft:black_terracotta":3,"minecraft:rotten_flesh":23,"minecraft:light_gray_wool":1,"minecraft:oak_planks":1,"minecraft:iron_boots":3,"iceandfire:copper_ore":1,"alexsmobs:bear_fur":1,"minecraft:red_terracotta":1,"minecraft:gray_terracotta":4,"minecraft:spruce_planks":2,"minecraft:golden_leggings":1,"minecraft:melon_seeds":4,"minecraft:diamond_pickaxe":1,"minecraft:iron_chestplate":4,"minecraft:beetroot_seeds":8,"minecraft:oak_sapling":1,"minecraft:spider_eye":1,"minecraft:iron_bars":5,"minecraft:arrow":1,"minecraft:wooden_pickaxe":2,"minecraft:stone_brick_stairs":6},"minecraft:used":{"minecraft:chest":4,"minecraft:iron_sword":155,"minecraft:cooked_salmon":1,"minecraft:cooked_chicken":2,"minecraft:rotten_flesh":7,"minecraft:torch":21,"minecraft:dirt":19,"minecraft:spruce_stairs":1,"minecraft:golden_shovel":3,"travelersbackpack:iron":1,"minecraft:granite":7,"minecraft:wooden_axe":18,"minecraft:stone_brick_stairs":14,"minecraft:stone_bricks":3,"minecraft:bow":1,"minecraft:sweet_berries":35,"minecraft:furnace":2,"minecraft:netherite_pickaxe":211,"travelersbackpack:cake":4,"minecraft:egg":1,"spartanweaponry:flanged_mace_iron":13,"minecraft:cooked_beef":10,"minecraft:acacia_planks":32,"minecraft:wheat_seeds":12,"minecraft:cooked_mutton":11,"minecraft:water_bucket":2,"minecraft:polished_andesite":30,"minecraft:stone_pickaxe":74,"minecraft:oak_planks":35,"minecraft:blackstone":2,"minecraft:wooden_pickaxe":3,"minecraft:sugar_cane":16,"minecraft:mossy_cobblestone":2,"minecraft:crafting_table":8,"minecraft:white_bed":2,"minecraft:campfire":1,"minecraft:spruce_log":5,"minecraft:wooden_hoe":35,"minecraft:diamond_pickaxe":11,"minecraft:apple":1,"minecraft:string":2,"minecraft:iron_pickaxe":195,"minecraft:red_terracotta":4,"spartanweaponry:lance_iron":7,"minecraft:stone_axe":169,"minecraft:cobblestone":19,"minecraft:cooked_porkchop":11,"minecraft:andesite":1,"minecraft:bucket":7,"minecraft:oak_boat":3,"alexsmobs:animal_dictionary":1,"minecraft:bone_meal":7,"minecraft:cobweb":7},"minecraft:broken":{"minecraft:stone_axe":1},"minecraft:killed":{"alexsmobs:raccoon":2,"minecraft:spider":4,"alexsmobs:tasmanian_devil":1,"minecraft:skeleton":8,"minecraft:chicken":5,"minecraft:piglin_brute":7,"minecraft:tropical_fish":1,"minecraft:pig":8,"minecraft:sheep":10,"minecraft:zombie":14,"minecraft:wither_skeleton":1,"minecraft:cow":2},"minecraft:crafted":{"minecraft:oak_planks":128,"spartanshields:shield_basic_iron":1,"minecraft:cooked_chicken":7,"minecraft:bone_meal":24,"minecraft:cooked_mutton":12,"minecraft:glass":14,"travelersbackpack:cake":1,"travelersbackpack:white_sleeping_bag":1,"minecraft:iron_boots":1,"minecraft:iron_axe":1,"minecraft:stone_pickaxe":1,"minecraft:chest":4,"iceandfire:armor_bronze_chestplate":1,"spartanshields:shield_basic_wood":1,"minecraft:cooked_beef":4,"minecraft:sugar":2,"minecraft:cooked_porkchop":22,"minecraft:crafting_table":2,"minecraft:spruce_planks":8,"minecraft:iron_helmet":1,"travelersbackpack:backpack_tank":2,"travelersbackpack:standard":1,"minecraft:wooden_pickaxe":1,"minecraft:cooked_salmon":1,"minecraft:golden_shovel":1,"minecraft:campfire":1,"minecraft:stone_axe":2,"minecraft:air":0,"minecraft:oak_boat":1,"minecraft:wooden_hoe":1,"minecraft:white_wool":1,"minecraft:stick":40,"minecraft:iron_ingot":68,"minecraft:iron_pickaxe":2,"minecraft:wooden_axe":1,"minecraft:white_bed":2,"iceandfire:armor_bronze_leggings":1,"minecraft:cyan_carpet":3,"minecraft:acacia_planks":32,"minecraft:torch":24},"minecraft:mined":{"minecraft:dark_prismarine":43,"minecraft:spruce_planks":1,"minecraft:white_bed":1,"iceandfire:silver_ore":5,"minecraft:mossy_cobblestone":2,"minecraft:black_terracotta":1,"minecraft:granite":6,"minecraft:obsidian":4,"gravestone:gravestone":59,"minecraft:grass_block":9,"minecraft:jungle_planks":1,"minecraft:spruce_leaves":17,"minecraft:spawner":4,"minecraft:large_fern":3,"minecraft:furnace":2,"iceandfire:copper_ore":1,"minecraft:iron_ore":46,"minecraft:fire":4,"minecraft:acacia_wood":8,"minecraft:andesite":2,"minecraft:gold_block":1,"minecraft:vine":2,"minecraft:iron_bars":6,"minecraft:stone":107,"minecraft:tripwire":1,"minecraft:gray_terracotta":8,"minecraft:brown_mushroom":3,"minecraft:blackstone":2,"minecraft:crafting_table":5,"minecraft:torch":1,"minecraft:oak_wood":40,"minecraft:chest":1,"minecraft:mushroom_stem":14,"minecraft:cobblestone":11,"minecraft:tall_grass":6,"minecraft:lapis_ore":2,"minecraft:sugar_cane":9,"minecraft:oak_planks":5,"minecraft:skeleton_skull":2,"minecraft:cyan_wool":3,"minecraft:red_terracotta":11,"minecraft:wheat":3,"minecraft:sweet_berry_bush":20,"minecraft:spruce_log":37,"minecraft:stone_brick_stairs":16,"minecraft:grass":106,"minecraft:oak_log":33,"minecraft:coal_ore":37,"minecraft:sand":14,"minecraft:gravel":4,"minecraft:dirt":24,"minecraft:cobweb":7,"minecraft:polished_andesite":47,"minecraft:stone_bricks":5,"minecraft:gold_ore":3,"minecraft:oak_leaves":7,"minecraft:fern":2},"minecraft:killed_by":{"minecraft:player":3,"minecraft:piglin_brute":2,"minecraft:wither_skeleton":6,"iceandfire:cyclops":2,"minecraft:creeper":1,"minecraft:magma_cube":22,"minecraft:skeleton":2,"minecraft:blaze":10,"minecraft:zombie":1},"minecraft:custom":{"minecraft:mob_kills":66,"minecraft:interact_with_crafting_table":34,"minecraft:open_barrel":3,"minecraft:interact_with_campfire":2,"minecraft:leave_game":4,"minecraft:time_since_death":6632,"minecraft:climb_one_cm":5593,"minecraft:sprint_one_cm":641754,"minecraft:walk_one_cm":490944,"minecraft:drop":193,"minecraft:talked_to_villager":2,"minecraft:deaths":51,"minecraft:sneak_time":22973,"minecraft:walk_under_water_one_cm":16263,"minecraft:boat_one_cm":36538,"minecraft:jump":7219,"minecraft:walk_on_water_one_cm":168991,"minecraft:interact_with_furnace":64,"minecraft:play_one_minute":239166,"minecraft:interact_with_stonecutter":1,"minecraft:sleep_in_bed":1,"minecraft:time_since_rest":6697,"minecraft:damage_taken":16936,"minecraft:damage_dealt":12376,"minecraft:swim_one_cm":18721,"minecraft:fly_one_cm":1359815,"minecraft:player_kills":4,"minecraft:open_chest":103,"minecraft:crouch_one_cm":52626,"minecraft:fall_one_cm":89076},"minecraft:picked_up":{"minecraft:crafting_table":6,"minecraft:iron_chestplate":4,"minecraft:wheat":7,"iceandfire:witherbone":1,"minecraft:chicken":5,"iceandfire:copper_ore":2,"minecraft:brown_mushroom":3,"minecraft:diamond_sword":1,"minecraft:wooden_pickaxe":1,"minecraft:gold_block":11,"minecraft:enchanted_book":1,"minecraft:golden_shovel":1,"minecraft:stone_brick_stairs":20,"gravestone:obituary":38,"minecraft:string":16,"minecraft:wooden_sword":1,"minecraft:netherite_scrap":19,"minecraft:iron_leggings":3,"minecraft:blackstone":6,"iceandfire:bestiary":1,"minecraft:spruce_planks":2,"minecraft:beef":4,"minecraft:oak_boat":3,"minecraft:cyan_wool":3,"minecraft:iron_pickaxe":1,"minecraft:light_gray_wool":1,"minecraft:sugar_cane":18,"minecraft:chest":1,"minecraft:egg":2,"minecraft:iron_boots":3,"minecraft:furnace":2,"minecraft:stick":3,"minecraft:torch":1,"minecraft:spruce_stairs":1,"iceandfire:silver_ore":5,"minecraft:porkchop":26,"minecraft:redstone":2,"minecraft:netherite_pickaxe":2,"minecraft:iron_horse_armor":2,"alexsmobs:centipede_leg":4,"minecraft:golden_chestplate":1,"iceandfire:silver_ingot":2,"minecraft:arrow":10,"minecraft:rotten_flesh":25,"minecraft:beetroot_seeds":8,"minecraft:diamond_boots":1,"minecraft:gold_ingot":5,"minecraft:netherite_chestplate":1,"minecraft:iron_bars":5,"minecraft:blaze_rod":3,"minecraft:obsidian":4,"minecraft:mutton":8,"minecraft:rail":1,"minecraft:skeleton_skull":2,"minecraft:white_wool":9,"minecraft:cobblestone":125,"minecraft:netherite_boots":2,"minecraft:feather":10,"minecraft:cooked_beef":6,"minecraft:magma_cream":4,"minecraft:andesite":2,"minecraft:water_bucket":1,"minecraft:salmon":1,"minecraft:leather":10,"minecraft:golden_leggings":1,"minecraft:acacia_wood":8,"alexsmobs:bear_fur":1,"minecraft:flint":2,"minecraft:oak_log":32,"minecraft:lily_pad":8,"minecraft:ancient_debris":2,"minecraft:golden_boots":1,"minecraft:gunpowder":4,"iceandfire:dragonscales_bronze":15,"minecraft:lapis_lazuli":12,"minecraft:dirt":26,"minecraft:cooked_mutton":1,"minecraft:glass":8,"minecraft:bone":23,"minecraft:apple":1,"minecraft:stone_bricks":4,"travelersbackpack:cake":1,"minecraft:gray_terracotta":5,"minecraft:bow":1,"minecraft:wheat_seeds":20,"minecraft:iron_ingot":8,"minecraft:iron_ore":45,"minecraft:powered_rail":1,"minecraft:iron_sword":2,"minecraft:oak_planks":9,"minecraft:black_terracotta":3,"minecraft:cooked_porkchop":7,"minecraft:sweet_berries":39,"spartanweaponry:lance_iron":1,"minecraft:gravel":4,"minecraft:sand":17,"minecraft:jungle_planks":1,"minecraft:spruce_sapling":16,"iceandfire:stymphalian_bird_feather":2,"minecraft:spruce_log":73,"minecraft:gold_ore":4,"minecraft:spectral_arrow":14,"minecraft:red_terracotta":12,"minecraft:mossy_cobblestone":4,"minecraft:dark_prismarine":43,"minecraft:polished_andesite":34,"minecraft:oak_wood":40,"minecraft:diamond":25,"minecraft:stone_axe":2,"spartanweaponry:flanged_mace_iron":1,"minecraft:chainmail_leggings":1,"minecraft:granite":5,"minecraft:oak_sapling":3,"minecraft:melon_seeds":4,"minecraft:coal":67,"minecraft:diamond_pickaxe":1}},"DataVersion":2586}