{"stats":{"minecraft:dropped":{"minecraft:iron_ingot":4,"iceandfire:stymphalian_bird_feather":2,"alexsmobs:centipede_leg":2,"minecraft:cooked_beef":12,"minecraft:baked_potato":1,"alexsmobs:animal_dictionary":1,"minecraft:rotten_flesh":9,"minecraft:red_terracotta":1,"minecraft:polished_andesite":1,"minecraft:dirt":1,"minecraft:potato":1,"alexsmobs:cockroach_wing_fragment":3,"minecraft:oak_sapling":1,"gravestone:obituary":10,"minecraft:iron_bars":3,"minecraft:iron_pickaxe":1},"minecraft:used":{"spartanshields:shield_basic_diamond":13,"minecraft:water_bucket":12,"minecraft:polished_andesite":65,"minecraft:torch":33,"spartanweaponry:hammer_iron":114,"minecraft:white_bed":1,"minecraft:nether_brick_stairs":3,"minecraft:gray_terracotta":1,"minecraft:diamond_pickaxe":203,"minecraft:lava_bucket":6,"minecraft:bread":5,"minecraft:iron_pickaxe":4,"minecraft:red_terracotta":2,"minecraft:stone_bricks":4,"spartanshields:shield_basic_iron":27,"minecraft:cobblestone":41,"minecraft:bow":13,"travelersbackpack:standard":1,"minecraft:cooked_porkchop":21,"minecraft:netherite_pickaxe":2,"minecraft:bucket":18,"minecraft:cooked_beef":10},"minecraft:broken":{"minecraft:diamond_chestplate":1,"spartanshields:shield_basic_iron":1,"minecraft:iron_helmet":1,"minecraft:netherite_chestplate":1},"minecraft:killed":{"minecraft:magma_cube":4,"minecraft:spider":2,"minecraft:skeleton":3,"alexsmobs:cockroach":1,"minecraft:zombie":6,"alexsmobs:centipede_head":1,"minecraft:wither_skeleton":1,"minecraft:piglin_brute":9,"minecraft:blaze":4},"minecraft:crafted":{"minecraft:netherite_pickaxe":2,"minecraft:bread":10,"minecraft:netherite_chestplate":1,"minecraft:netherite_boots":1,"minecraft:golden_apple":4,"minecraft:stick":12,"minecraft:gold_ingot":7,"minecraft:torch":40},"minecraft:mined":{"minecraft:gray_terracotta":3,"minecraft:white_bed":1,"minecraft:cyan_terracotta":5,"minecraft:black_terracotta":7,"minecraft:obsidian":4,"minecraft:torch":2,"gravestone:gravestone":9,"minecraft:nether_bricks":4,"minecraft:tall_grass":9,"minecraft:cobblestone":25,"minecraft:diorite":1,"minecraft:wall_torch":1,"minecraft:spawner":5,"minecraft:red_terracotta":6,"minecraft:fire":1,"minecraft:nether_brick_stairs":3,"minecraft:stone_brick_stairs":4,"minecraft:gold_block":1,"minecraft:iron_bars":4,"minecraft:polished_andesite":68,"minecraft:stone_bricks":10,"minecraft:polished_blackstone":6,"minecraft:stone":44},"minecraft:killed_by":{"minecraft:wither_skeleton":3,"minecraft:piglin_brute":6},"minecraft:custom":{"minecraft:mob_kills":33,"minecraft:play_one_minute":54990,"minecraft:leave_game":1,"minecraft:time_since_death":7073,"minecraft:sleep_in_bed":1,"minecraft:time_since_rest":7102,"minecraft:sprint_one_cm":196266,"minecraft:walk_one_cm":110200,"minecraft:damage_taken":5405,"minecraft:damage_blocked_by_shield":1571,"minecraft:drop":43,"minecraft:damage_dealt":7488,"minecraft:swim_one_cm":460,"minecraft:player_kills":3,"minecraft:fly_one_cm":282970,"minecraft:open_chest":22,"minecraft:crouch_one_cm":13543,"minecraft:deaths":9,"minecraft:sneak_time":4288,"minecraft:walk_under_water_one_cm":1904,"minecraft:jump":1373,"minecraft:walk_on_water_one_cm":58623,"minecraft:fall_one_cm":9520,"minecraft:inspect_dispenser":1},"minecraft:picked_up":{"minecraft:netherite_boots":2,"minecraft:iron_chestplate":1,"minecraft:potato":1,"minecraft:gray_concrete":1,"minecraft:dirt":1,"minecraft:bone":6,"minecraft:stone_bricks":4,"minecraft:gray_terracotta":1,"alexsmobs:cockroach_wing_fragment":3,"minecraft:iron_ingot":10,"minecraft:iron_pickaxe":1,"minecraft:torch":6,"minecraft:nether_brick_stairs":3,"minecraft:white_bed":1,"minecraft:red_terracotta":5,"minecraft:netherite_pickaxe":3,"minecraft:spectral_arrow":11,"alexsmobs:centipede_leg":2,"travelersbackpack:standard":3,"minecraft:polished_andesite":71,"minecraft:arrow":2,"minecraft:rotten_flesh":4,"minecraft:baked_potato":1,"minecraft:netherite_chestplate":3,"minecraft:obsidian":3,"minecraft:iron_bars":3,"minecraft:cobblestone":45}},"DataVersion":2586}