{"stats":{"minecraft:dropped":{"minecraft:wheat_seeds":6,"minecraft:cooked_porkchop":2,"minecraft:cobblestone":13,"spartanweaponry:hammer_iron":6,"spartanweaponry:battleaxe_iron":2,"minecraft:gold_nugget":1,"gravestone:obituary":8,"minecraft:bone_meal":2,"minecraft:sunflower":1,"minecraft:iron_pickaxe":1,"minecraft:chainmail_leggings":1,"minecraft:lily_pad":1,"alexsmobs:crocodile_scute":1,"minecraft:stone_sword":1,"alexsmobs:crocodile_egg":1,"minecraft:rotten_flesh":9,"minecraft:iron_boots":1,"minecraft:cooked_mutton":5,"alexsmobs:bear_fur":2,"iceandfire:copper_ore":1,"minecraft:chainmail_chestplate":1,"minecraft:filled_map":4,"minecraft:iron_chestplate":10,"minecraft:chainmail_boots":2,"minecraft:arrow":7,"minecraft:glass":6,"minecraft:wooden_pickaxe":1,"minecraft:brick_slab":1},"minecraft:used":{"spartanweaponry:cestus":1,"minecraft:iron_shovel":16,"minecraft:chest":1,"iceandfire:copper_ore":1,"minecraft:cooked_chicken":6,"minecraft:green_terracotta":2,"minecraft:torch":74,"minecraft:dirt":44,"spartanweaponry:hammer_iron":371,"minecraft:spruce_fence":1,"alexsmobs:maggot":1,"minecraft:iron_axe":125,"minecraft:bow":1,"minecraft:sweet_berries":51,"minecraft:furnace":15,"minecraft:oak_sapling":1,"minecraft:egg":1,"minecraft:cooked_beef":6,"minecraft:orange_terracotta":1,"minecraft:cooked_mutton":33,"minecraft:water_bucket":5,"minecraft:oak_planks":13,"minecraft:birch_planks":25,"minecraft:stone_pickaxe":121,"minecraft:baked_potato":10,"spartanweaponry:boomerang_iron":2,"minecraft:wooden_pickaxe":32,"minecraft:white_wool":2,"minecraft:sand":1,"minecraft:crafting_table":4,"minecraft:white_bed":5,"minecraft:purple_terracotta":1,"minecraft:diamond_pickaxe":6,"minecraft:apple":1,"minecraft:bread":4,"minecraft:iron_pickaxe":86,"travelersbackpack:white_sleeping_bag":1,"minecraft:lectern":1,"spartanshields:shield_basic_iron":149,"minecraft:stone_axe":6,"minecraft:cobblestone":75,"travelersbackpack:standard":19,"minecraft:cooked_porkchop":25,"minecraft:smithing_table":1,"minecraft:bucket":12,"minecraft:oak_boat":2,"alexsmobs:animal_dictionary":2},"minecraft:broken":{"spartanweaponry:hammer_iron":1,"minecraft:leather_leggings":1,"minecraft:iron_boots":1,"minecraft:stone_pickaxe":1},"minecraft:killed":{"alexsmobs:raccoon":2,"iceandfire:gorgon":1,"minecraft:spider":3,"alexsmobs:tasmanian_devil":2,"iceandfire:stymphalian_bird":1,"minecraft:horse":1,"minecraft:skeleton":23,"minecraft:chicken":6,"minecraft:drowned":1,"minecraft:piglin_brute":1,"minecraft:magma_cube":6,"minecraft:wolf":1,"minecraft:pig":23,"alexsmobs:grizzly_bear":1,"iceandfire:troll":1,"minecraft:creeper":2,"minecraft:sheep":22,"alexsmobs:crocodile":2,"iceandfire:ghost":3,"minecraft:zombie":25,"alexsmobs:fly":3,"alexsmobs:crow":1,"minecraft:cow":30},"minecraft:crafted":{"minecraft:oak_planks":60,"spartanweaponry:hammer_diamond":1,"minecraft:cooked_chicken":6,"minecraft:furnace":1,"minecraft:cooked_mutton":29,"minecraft:glass":12,"spartanshields:shield_basic_diamond":1,"travelersbackpack:white_sleeping_bag":1,"minecraft:iron_axe":1,"minecraft:stone_pickaxe":1,"minecraft:chest":2,"spartanshields:shield_basic_wood":1,"minecraft:wheat":27,"minecraft:cooked_beef":53,"minecraft:cooked_porkchop":46,"minecraft:crafting_table":3,"spartanweaponry:hammer_iron":1,"minecraft:spruce_planks":20,"travelersbackpack:backpack_tank":2,"minecraft:wooden_pickaxe":1,"minecraft:iron_helmet":1,"travelersbackpack:standard":2,"minecraft:smithing_table":1,"spartanweaponry:handle":4,"minecraft:bucket":1,"minecraft:birch_planks":48,"minecraft:stone_axe":1,"minecraft:air":0,"minecraft:oak_boat":1,"minecraft:iron_chestplate":1,"minecraft:shield":1,"minecraft:stick":56,"minecraft:iron_ingot":26,"minecraft:iron_pickaxe":1,"minecraft:iron_shovel":1,"minecraft:gold_ingot":10,"minecraft:white_bed":4,"minecraft:torch":40},"minecraft:mined":{"minecraft:white_bed":3,"spartanweaponry:spider_head":1,"minecraft:obsidian":2,"gravestone:gravestone":9,"minecraft:purple_terracotta":1,"minecraft:spruce_fence":2,"minecraft:grass_block":4,"travelersbackpack:white_sleeping_bag":1,"minecraft:spruce_leaves":8,"minecraft:spawner":2,"minecraft:large_fern":5,"minecraft:hay_block":3,"minecraft:furnace":16,"minecraft:carrots":9,"iceandfire:copper_ore":1,"minecraft:iron_ore":26,"minecraft:fire":1,"minecraft:green_terracotta":2,"minecraft:nether_brick_stairs":2,"minecraft:gold_block":1,"iceandfire:gold_pile":15,"minecraft:bookshelf":50,"minecraft:potatoes":5,"minecraft:stone":93,"minecraft:white_wool":1,"minecraft:smithing_table":1,"minecraft:gray_terracotta":1,"minecraft:oak_slab":1,"minecraft:orange_terracotta":1,"minecraft:clay":1,"minecraft:crafting_table":2,"minecraft:oak_wood":1,"minecraft:campfire":1,"minecraft:lectern":4,"minecraft:mushroom_stem":37,"minecraft:cobblestone":2,"minecraft:tall_grass":16,"minecraft:sugar_cane":5,"minecraft:wall_torch":1,"minecraft:coarse_dirt":1,"minecraft:brick_slab":1,"minecraft:polished_blackstone_stairs":1,"minecraft:birch_log":12,"minecraft:sweet_berry_bush":22,"minecraft:spruce_log":5,"minecraft:birch_leaves":3,"minecraft:grass":87,"minecraft:oak_log":14,"minecraft:coal_ore":87,"minecraft:dirt":5,"minecraft:sand":26,"minecraft:stone_bricks":3,"minecraft:oak_leaves":10,"minecraft:fern":3},"minecraft:killed_by":{"minecraft:player":1,"minecraft:magma_cube":1,"iceandfire:gorgon":3,"minecraft:zombie":1,"iceandfire:ghost":1,"iceandfire:fire_dragon":2},"minecraft:custom":{"minecraft:interact_with_smithing_table":2,"minecraft:mob_kills":165,"minecraft:interact_with_crafting_table":32,"minecraft:open_barrel":18,"minecraft:interact_with_campfire":8,"minecraft:leave_game":1,"minecraft:time_since_death":0,"minecraft:climb_one_cm":5445,"minecraft:sprint_one_cm":931101,"minecraft:walk_one_cm":362971,"minecraft:damage_blocked_by_shield":3244,"minecraft:drop":65,"minecraft:talked_to_villager":1,"minecraft:deaths":9,"minecraft:sneak_time":2786,"minecraft:walk_under_water_one_cm":8465,"minecraft:boat_one_cm":179745,"minecraft:jump":5795,"minecraft:walk_on_water_one_cm":36326,"minecraft:interact_with_furnace":115,"minecraft:play_one_minute":204124,"minecraft:sleep_in_bed":12,"minecraft:time_since_rest":138,"minecraft:damage_taken":2147483647,"minecraft:trigger_trapped_chest":3,"minecraft:damage_dealt":23049,"minecraft:swim_one_cm":139047,"minecraft:fly_one_cm":1333794,"minecraft:player_kills":1,"minecraft:open_chest":53,"minecraft:crouch_one_cm":8390,"minecraft:fall_one_cm":155672},"minecraft:picked_up":{"iceandfire:copper_ingot":2,"minecraft:charcoal":2,"minecraft:coarse_dirt":1,"minecraft:crafting_table":1,"minecraft:iron_chestplate":8,"minecraft:chainmail_boots":2,"minecraft:chicken":7,"iceandfire:copper_ore":2,"minecraft:leather_leggings":1,"minecraft:smithing_table":1,"minecraft:gold_block":1,"gravestone:obituary":2,"minecraft:string":2,"spartanweaponry:battleaxe_iron":1,"minecraft:gold_nugget":175,"minecraft:spruce_planks":1,"minecraft:beef":61,"minecraft:oak_boat":1,"minecraft:iron_pickaxe":2,"alexsmobs:raccoon_tail":1,"minecraft:lectern":4,"minecraft:sugar_cane":10,"minecraft:iron_boots":1,"minecraft:furnace":16,"minecraft:egg":1,"minecraft:stick":2,"minecraft:polished_blackstone_stairs":1,"spartanshields:shield_basic_iron":2,"minecraft:torch":9,"minecraft:spruce_fence":1,"minecraft:porkchop":37,"spartanweaponry:spider_head":1,"minecraft:carrot":25,"alexsmobs:crocodile_scute":1,"minecraft:green_terracotta":2,"minecraft:purple_terracotta":1,"spartanweaponry:hammer_iron":6,"minecraft:diamond_chestplate":1,"minecraft:arrow":25,"minecraft:rotten_flesh":20,"minecraft:hay_block":3,"minecraft:obsidian":2,"minecraft:mutton":37,"minecraft:white_wool":22,"minecraft:cobblestone":91,"minecraft:birch_log":12,"minecraft:feather":8,"minecraft:leather":45,"minecraft:potato":16,"minecraft:filled_map":2,"alexsmobs:bear_fur":2,"minecraft:lily_pad":1,"minecraft:oak_log":14,"minecraft:dirt":44,"minecraft:lantern":1,"minecraft:orange_terracotta":1,"minecraft:cooked_mutton":9,"minecraft:glass":6,"minecraft:bone":23,"minecraft:wheat_seeds":16,"minecraft:iron_ore":26,"minecraft:oak_planks":1,"minecraft:book":150,"minecraft:oak_slab":2,"minecraft:sweet_berries":46,"alexsmobs:crocodile_egg":1,"minecraft:jungle_planks":1,"minecraft:sand":25,"iceandfire:stymphalian_bird_feather":2,"minecraft:white_bed":2,"minecraft:spruce_log":6,"minecraft:brick_slab":1,"travelersbackpack:white_sleeping_bag":1,"minecraft:oak_wood":1,"minecraft:chainmail_leggings":1,"minecraft:bone_meal":2,"iceandfire:gorgon_head":1,"alexsmobs:maggot":1,"minecraft:oak_sapling":2,"minecraft:black_wool":1,"iceandfire:chared_gravel":1,"minecraft:coal":141,"minecraft:sunflower":1}},"DataVersion":2586}