{"stats":{"minecraft:dropped":{"minecraft:iron_ingot":7,"minecraft:netherite_pickaxe":1,"minecraft:iron_sword":1,"alexsmobs:shark_tooth_arrow":2,"minecraft:birch_planks":2,"minecraft:wheat_seeds":12,"minecraft:lapis_lazuli":2,"spartanweaponry:greatsword_diamond":1,"spartanweaponry:boomerang_iron":1,"minecraft:feather":4,"minecraft:cobblestone":6,"minecraft:leather":3,"minecraft:granite":4,"minecraft:nether_brick_wall":1,"minecraft:spruce_stairs":1,"minecraft:stick":1,"minecraft:dirt":5,"minecraft:mutton":3,"minecraft:zombie_head":2,"minecraft:iron_leggings":2,"gravestone:obituary":56,"spartanweaponry:spider_head":1,"minecraft:iron_pickaxe":1,"minecraft:tripwire_hook":1,"minecraft:spruce_sapling":10,"spartanweaponry:arrow_wood":2,"minecraft:cyan_carpet":3,"iceandfire:dragonscales_bronze":15,"minecraft:bone":10,"minecraft:furnace":1,"iceandfire:dragonscales_gray":1,"spartanweaponry:cestus":1,"minecraft:stone_axe":1,"minecraft:iron_nugget":2,"alexsmobs:animal_dictionary":1,"spartanshields:shield_basic_iron":2,"spartanweaponry:flanged_mace_iron":1,"minecraft:chicken":5,"minecraft:black_terracotta":6,"minecraft:rotten_flesh":15,"iceandfire:amphithere_arrow":1,"minecraft:iron_boots":1,"minecraft:clay_ball":4,"iceandfire:troll_tusk":1,"minecraft:nether_bricks":2,"minecraft:red_terracotta":3,"spartanweaponry:lance_iron":1,"minecraft:filled_map":1,"minecraft:poppy":1,"minecraft:gunpowder":2,"alexsmobs:cockroach_wing_fragment":1,"minecraft:skeleton_skull":1,"minecraft:iron_chestplate":1,"minecraft:andesite":3,"minecraft:oak_sapling":1,"minecraft:iron_bars":8,"minecraft:arrow":2,"minecraft:bow":1,"minecraft:wooden_pickaxe":1,"minecraft:glass":8,"minecraft:stone_pickaxe":2},"minecraft:used":{"spartanweaponry:cestus":1,"minecraft:iron_bars":1,"minecraft:bone_block":1,"minecraft:ladder":2,"minecraft:chest":1,"minecraft:spruce_planks":38,"minecraft:cooked_chicken":9,"minecraft:rotten_flesh":4,"minecraft:torch":55,"minecraft:dirt":22,"minecraft:golden_shovel":3,"minecraft:granite":2,"minecraft:lava_bucket":14,"minecraft:stone_bricks":11,"minecraft:beef":2,"spartanweaponry:rapier_diamond":608,"minecraft:furnace":6,"minecraft:egg":1,"spartanweaponry:flanged_mace_iron":7,"minecraft:cooked_beef":20,"minecraft:acacia_planks":24,"minecraft:diorite":10,"minecraft:water_bucket":18,"minecraft:cooked_mutton":9,"spartanweaponry:heavy_crossbow_diamond":67,"iceandfire:fire_dragon_flesh":1,"minecraft:polished_andesite":3,"minecraft:stone_pickaxe":26,"spartanweaponry:boomerang_iron":1,"minecraft:wooden_pickaxe":11,"minecraft:gold_ore":19,"minecraft:white_wool":1,"minecraft:golden_apple":1,"minecraft:sand":2,"minecraft:crafting_table":4,"minecraft:white_bed":1,"spartanweaponry:spider_head":2,"spartanweaponry:greatsword_diamond":68,"minecraft:spruce_log":1,"minecraft:gray_terracotta":7,"minecraft:apple":11,"minecraft:bread":20,"minecraft:iron_pickaxe":524,"minecraft:red_terracotta":10,"minecraft:spruce_trapdoor":6,"spartanweaponry:lance_iron":5,"spartanshields:shield_basic_iron":46,"minecraft:stone_axe":40,"iceandfire:dragon_skull_fire":2,"travelersbackpack:standard":8,"minecraft:cobblestone":241,"minecraft:porkchop":3,"minecraft:cooked_porkchop":5,"minecraft:bucket":34,"spartanweaponry:scythe_iron":190},"minecraft:broken":{"minecraft:golden_boots":1},"minecraft:killed":{"minecraft:spider":11,"minecraft:horse":3,"minecraft:skeleton":12,"iceandfire:fire_dragon":1,"minecraft:chicken":9,"minecraft:drowned":1,"minecraft:piglin_brute":9,"minecraft:magma_cube":78,"minecraft:pig":2,"iceandfire:cyclops":1,"minecraft:creeper":2,"minecraft:sheep":5,"minecraft:zombie":22,"alexsmobs:cockroach":1,"minecraft:wither_skeleton":3,"minecraft:blaze":55,"minecraft:cow":9},"minecraft:crafted":{"minecraft:oak_planks":24,"spartanshields:shield_basic_iron":3,"minecraft:tripwire_hook":2,"iceandfire:armor_gray_leggings":1,"minecraft:iron_nugget":27,"minecraft:cooked_chicken":6,"iceandfire:dragon_stick":1,"minecraft:furnace":3,"minecraft:cooked_mutton":6,"spartanweaponry:bolt":36,"minecraft:glass":14,"minecraft:diamond":9,"iceandfire:armor_gray_helmet":1,"minecraft:stone_pickaxe":1,"minecraft:chest":2,"minecraft:wheat":9,"spartanshields:shield_basic_wood":3,"minecraft:cooked_beef":17,"minecraft:cooked_porkchop":1,"minecraft:crafting_table":2,"minecraft:spruce_planks":68,"spartanweaponry:heavy_crossbow_diamond":1,"travelersbackpack:backpack_tank":2,"minecraft:wooden_pickaxe":1,"travelersbackpack:standard":1,"spartanweaponry:handle":1,"minecraft:golden_shovel":1,"minecraft:bucket":2,"travelersbackpack:blue_sleeping_bag":1,"minecraft:stone_axe":1,"minecraft:bread":5,"iceandfire:armor_gray_chestplate":1,"minecraft:air":0,"minecraft:blue_dye":2,"minecraft:spruce_trapdoor":6,"minecraft:stick":32,"minecraft:iron_ingot":7,"minecraft:iron_pickaxe":1,"minecraft:blue_wool":2,"minecraft:gold_ingot":9,"minecraft:white_bed":1,"minecraft:acacia_planks":24,"minecraft:torch":48},"minecraft:mined":{"minecraft:dark_prismarine":4,"minecraft:light_gray_stained_glass_pane":1,"minecraft:spruce_planks":1,"minecraft:mossy_cobblestone":2,"minecraft:black_terracotta":6,"minecraft:nether_bricks":2,"minecraft:gray_stained_glass_pane":1,"minecraft:granite":16,"gravestone:gravestone":34,"minecraft:grass_block":8,"minecraft:jungle_planks":1,"minecraft:spruce_leaves":2,"minecraft:spawner":9,"minecraft:large_fern":2,"minecraft:hay_block":1,"minecraft:redstone_ore":2,"minecraft:furnace":3,"iceandfire:copper_ore":1,"minecraft:iron_ore":39,"minecraft:fire":3,"minecraft:acacia_wood":6,"minecraft:andesite":22,"minecraft:vine":3,"minecraft:iron_bars":5,"minecraft:stone":342,"minecraft:gray_terracotta":7,"minecraft:gray_concrete":1,"minecraft:torch":1,"minecraft:crafting_table":2,"minecraft:mushroom_stem":2,"minecraft:tall_grass":5,"minecraft:cobblestone":9,"minecraft:oak_planks":3,"minecraft:diorite":14,"minecraft:wall_torch":1,"minecraft:red_terracotta":16,"minecraft:spruce_log":5,"minecraft:birch_leaves":2,"minecraft:stone_brick_stairs":1,"minecraft:grass":10,"minecraft:oak_log":6,"minecraft:coal_ore":16,"minecraft:sand":11,"minecraft:dirt":26,"minecraft:cobweb":1,"minecraft:stone_bricks":11,"minecraft:polished_andesite":6,"minecraft:gold_ore":1,"minecraft:oak_leaves":17,"minecraft:fern":7},"minecraft:killed_by":{"minecraft:player":2,"minecraft:piglin_brute":2,"minecraft:wither_skeleton":8,"iceandfire:cyclops":3,"minecraft:magma_cube":12,"alexsmobs:crocodile":3,"minecraft:skeleton":1,"minecraft:blaze":5,"minecraft:zombie":1},"minecraft:custom":{"minecraft:mob_kills":230,"minecraft:interact_with_crafting_table":19,"minecraft:leave_game":8,"minecraft:time_since_death":26568,"minecraft:climb_one_cm":11697,"minecraft:sprint_one_cm":888536,"minecraft:damage_blocked_by_shield":1026,"minecraft:walk_one_cm":391162,"minecraft:drop":155,"minecraft:sneak_time":11640,"minecraft:deaths":39,"minecraft:walk_under_water_one_cm":3932,"minecraft:jump":7571,"minecraft:walk_on_water_one_cm":76551,"minecraft:interact_with_furnace":48,"minecraft:play_one_minute":279081,"minecraft:sleep_in_bed":3,"minecraft:time_since_rest":26711,"minecraft:damage_taken":14428,"minecraft:damage_absorbed":40,"minecraft:damage_dealt":47215,"minecraft:player_kills":1,"minecraft:swim_one_cm":67923,"minecraft:fly_one_cm":1743916,"minecraft:open_chest":63,"minecraft:crouch_one_cm":30614,"minecraft:fall_one_cm":144857,"minecraft:inspect_dispenser":1},"minecraft:picked_up":{"spartanweaponry:cestus":1,"minecraft:crafting_table":2,"iceandfire:witherbone":3,"minecraft:chicken":12,"minecraft:ladder":2,"minecraft:clay_ball":4,"gravestone:obituary":23,"minecraft:string":17,"minecraft:iron_leggings":1,"minecraft:zombie_head":2,"minecraft:cyan_carpet":3,"minecraft:bucket":1,"minecraft:spruce_planks":42,"minecraft:beef":20,"minecraft:poppy":1,"minecraft:iron_pickaxe":1,"minecraft:sugar_cane":1,"minecraft:furnace":4,"minecraft:egg":2,"minecraft:stick":6,"iceandfire:dragonbone":13,"iceandfire:dragonscales_gray":21,"minecraft:torch":4,"alexsmobs:shark_tooth_arrow":1,"minecraft:spruce_stairs":1,"minecraft:porkchop":3,"minecraft:diorite":14,"spartanweaponry:spider_head":3,"minecraft:redstone":9,"minecraft:netherite_pickaxe":1,"minecraft:arrow":23,"minecraft:rotten_flesh":26,"minecraft:nether_bricks":3,"minecraft:hay_block":1,"iceandfire:fire_dragon_heart":1,"minecraft:gold_ingot":1,"minecraft:nether_brick_wall":1,"minecraft:blaze_rod":13,"minecraft:mutton":15,"minecraft:iron_bars":10,"minecraft:skeleton_skull":2,"minecraft:white_wool":10,"minecraft:cobblestone":296,"minecraft:cooked_beef":6,"minecraft:feather":13,"minecraft:magma_cream":5,"minecraft:andesite":7,"minecraft:leather":19,"minecraft:acacia_wood":6,"minecraft:filled_map":3,"spartanweaponry:arrow_wood":2,"minecraft:birch_planks":5,"minecraft:oak_log":6,"minecraft:golden_boots":1,"minecraft:gunpowder":3,"spartanweaponry:greatsword_diamond":1,"minecraft:lapis_lazuli":1,"minecraft:dirt":34,"iceandfire:dragonscales_bronze":15,"minecraft:cooked_mutton":1,"minecraft:glass":6,"minecraft:bone":31,"minecraft:apple":4,"minecraft:stone_bricks":11,"minecraft:gray_terracotta":7,"minecraft:bow":2,"minecraft:wheat_seeds":12,"alexsmobs:cockroach_wing_fragment":2,"minecraft:stone_pickaxe":1,"minecraft:iron_ore":34,"iceandfire:fire_dragon_flesh":1,"minecraft:iron_sword":1,"minecraft:oak_planks":4,"iceandfire:chared_stone":1,"minecraft:black_terracotta":6,"minecraft:cooked_porkchop":3,"spartanweaponry:blaze_head":1,"iceandfire:dragon_skull_fire":3,"minecraft:sand":12,"minecraft:jungle_planks":1,"minecraft:spruce_sapling":11,"minecraft:spruce_log":57,"minecraft:red_terracotta":14,"minecraft:spider_eye":4,"minecraft:dark_prismarine":4,"minecraft:polished_andesite":3,"minecraft:diamond":1,"minecraft:granite":12,"minecraft:bread":15,"minecraft:oak_sapling":1,"minecraft:coal":32}},"DataVersion":2586}