{
  "minecraft:recipes/decorations/smoker": {
    "criteria": {
      "has_furnace": "2024-05-11 06:18:43 +0000"
    },
    "done": true
  },
  "minecraft:recipes/building_blocks/polished_andesite_slab": {
    "criteria": {
      "has_polished_andesite": "2024-05-11 06:26:31 +0000"
    },
    "done": true
  },
  "spartanweaponry:recipes/spartanweaponry.basic/longsword_gold": {
    "criteria": {
      "has_gold_ingot": "2024-05-11 06:29:01 +0000"
    },
    "done": true
  },
  "minecraft:recipes/redstone/lever": {
    "criteria": {
      "has_cobblestone": "2024-05-11 06:34:33 +0000"
    },
    "done": true
  },
  "spartanweaponry:recipes/spartanweaponry.basic/hammer_gold": {
    "criteria": {
      "has_gold_ingot": "2024-05-11 06:29:01 +0000"
    },
    "done": true
  },
  "minecraft:recipes/building_blocks/cobblestone_stairs_from_cobblestone_stonecutting": {
    "criteria": {
      "has_cobblestone": "2024-05-11 06:34:33 +0000"
    },
    "done": true
  },
  "minecraft:nether/obtain_crying_obsidian": {
    "criteria": {
      "crying_obsidian": "2024-05-11 06:18:43 +0000"
    },
    "done": true
  },
  "minecraft:recipes/combat/iron_sword": {
    "criteria": {
      "has_iron_ingot": "2024-05-11 06:38:30 +0000"
    },
    "done": true
  },
  "minecraft:recipes/decorations/gray_glazed_terracotta": {
    "criteria": {
      "has_gray_terracotta": "2024-05-11 06:48:55 +0000"
    },
    "done": true
  },
  "spartanweaponry:recipes/spartanweaponry.basic/spear_gold": {
    "criteria": {
      "has_gold_ingot": "2024-05-11 06:29:01 +0000"
    },
    "done": true
  },
  "minecraft:recipes/building_blocks/polished_andesite_stairs": {
    "criteria": {
      "has_polished_andesite": "2024-05-11 06:26:31 +0000"
    },
    "done": true
  },
  "minecraft:recipes/building_blocks/chiseled_stone_bricks": {
    "criteria": {
      "has_stone_bricks": "2024-05-11 06:40:49 +0000"
    },
    "done": true
  },
  "minecraft:recipes/tools/iron_pickaxe": {
    "criteria": {
      "has_iron_ingot": "2024-05-11 06:38:30 +0000"
    },
    "done": true
  },
  "minecraft:recipes/building_blocks/stone_brick_slab_from_stone_bricks_stonecutting": {
    "criteria": {
      "has_stone_bricks": "2024-05-11 06:40:49 +0000"
    },
    "done": true
  },
  "spartanweaponry:recipes/spartanweaponry.basic/longsword_stone": {
    "criteria": {
      "has_cobblestone": "2024-05-11 06:34:33 +0000"
    },
    "done": true
  },
  "minecraft:recipes/combat/leather_helmet": {
    "criteria": {
      "has_leather": "2024-05-11 06:22:09 +0000"
    },
    "done": true
  },
  "spartanweaponry:recipes/spartanweaponry.basic/javelin_wood": {
    "criteria": {
      "has_wood": "2024-05-11 06:18:35 +0000"
    },
    "done": true
  },
  "minecraft:recipes/decorations/crafting_table": {
    "criteria": {
      "has_planks": "2024-05-11 06:18:35 +0000"
    },
    "done": true
  },
  "minecraft:recipes/decorations/campfire": {
    "criteria": {
      "has_coal": "2024-05-11 06:18:43 +0000"
    },
    "done": true
  },
  "minecraft:recipes/tools/golden_hoe": {
    "criteria": {
      "has_gold_ingot": "2024-05-11 06:29:01 +0000"
    },
    "done": true
  },
  "minecraft:recipes/food/bread": {
    "criteria": {
      "has_wheat": "2024-05-11 06:18:43 +0000"
    },
    "done": true
  },
  "spartanweaponry:recipes/spartanweaponry.basic/flanged_mace_gold": {
    "criteria": {
      "has_gold_ingot": "2024-05-11 06:29:01 +0000"
    },
    "done": true
  },
  "minecraft:recipes/decorations/ladder": {
    "criteria": {
      "has_stick": "2024-05-11 06:30:17 +0000"
    },
    "done": true
  },
  "iceandfire:iceandfire/root": {
    "criteria": {
      "tick": "2024-05-11 06:17:29 +0000"
    },
    "done": true
  },
  "minecraft:recipes/misc/iron_nugget": {
    "criteria": {
      "has_iron_ingot": "2024-05-11 06:38:30 +0000"
    },
    "done": true
  },
  "minecraft:recipes/decorations/chest": {
    "criteria": {
      "has_lots_of_items": "2024-05-11 06:18:35 +0000"
    },
    "done": true
  },
  "minecraft:story/shiny_gear": {
    "criteria": {
      "diamond_chestplate": "2024-05-11 06:18:35 +0000"
    },
    "done": true
  },
  "spartanweaponry:recipes/spartanweaponry.basic/dagger_gold": {
    "criteria": {
      "has_gold_ingot": "2024-05-11 06:29:01 +0000"
    },
    "done": true
  },
  "minecraft:recipes/combat/golden_sword": {
    "criteria": {
      "has_gold_ingot": "2024-05-11 06:29:01 +0000"
    },
    "done": true
  },
  "spartanweaponry:recipes/spartanweaponry.modded/rapier_copper": {
    "criteria": {
      "has_copper_ingot": "2024-05-11 06:18:43 +0000"
    },
    "done": true
  },
  "minecraft:recipes/decorations/black_bed_from_white_bed": {
    "criteria": {
      "has_bed": "2024-05-11 06:18:35 +0000"
    },
    "done": true
  },
  "spartanweaponry:recipes/spartanweaponry.modded/tomahawk_copper": {
    "criteria": {
      "has_copper_ingot": "2024-05-11 06:18:43 +0000"
    },
    "done": true
  },
  "minecraft:recipes/tools/wooden_shovel": {
    "criteria": {
      "has_stick": "2024-05-11 06:30:17 +0000"
    },
    "done": true
  },
  "minecraft:recipes/decorations/torch": {
    "criteria": {
      "has_the_recipe": "2024-05-11 06:30:18 +0000"
    },
    "done": true
  },
  "spartanweaponry:recipes/spartanweaponry.modded/hammer_copper": {
    "criteria": {
      "has_copper_ingot": "2024-05-11 06:18:43 +0000"
    },
    "done": true
  },
  "spartanweaponry:recipes/spartanweaponry.basic/greatsword_gold": {
    "criteria": {
      "has_gold_ingot": "2024-05-11 06:29:01 +0000"
    },
    "done": true
  },
  "minecraft:recipes/tools/shears": {
    "criteria": {
      "has_iron_ingot": "2024-05-11 06:38:30 +0000"
    },
    "done": true
  },
  "minecraft:recipes/misc/stick": {
    "criteria": {
      "has_planks": "2024-05-11 06:18:35 +0000"
    },
    "done": true
  },
  "spartanweaponry:recipes/spartanweaponry.basic/parrying_dagger_gold": {
    "criteria": {
      "has_gold_ingot": "2024-05-11 06:29:01 +0000"
    },
    "done": true
  },
  "spartanweaponry:recipes/spartanweaponry.basic/quiver_upgrade_kit_medium": {
    "criteria": {
      "has_gold_ingot": "2024-05-11 06:29:01 +0000"
    },
    "done": true
  },
  "minecraft:recipes/transportation/spruce_boat": {
    "criteria": {
      "in_water": "2024-05-11 06:18:23 +0000"
    },
    "done": true
  },
  "minecraft:recipes/building_blocks/cracked_stone_bricks": {
    "criteria": {
      "has_stone_bricks": "2024-05-11 06:40:49 +0000"
    },
    "done": true
  },
  "minecraft:recipes/tools/flint_and_steel": {
    "criteria": {
      "has_obsidian": "2024-05-11 06:18:43 +0000"
    },
    "done": true
  },
  "minecraft:recipes/redstone/dispenser": {
    "criteria": {
      "has_bow": "2024-05-11 06:18:43 +0000"
    },
    "done": true
  },
  "spartanweaponry:recipes/spartanweaponry.basic/saber_wood": {
    "criteria": {
      "has_wood": "2024-05-11 06:18:35 +0000"
    },
    "done": true
  },
  "spartanweaponry:recipes/spartanweaponry.basic/katana_stone": {
    "criteria": {
      "has_cobblestone": "2024-05-11 06:34:33 +0000"
    },
    "done": true
  },
  "spartanweaponry:recipes/spartanweaponry.basic/parrying_dagger_wood": {
    "criteria": {
      "has_wood": "2024-05-11 06:18:35 +0000"
    },
    "done": true
  },
  "spartanweaponry:recipes/spartanweaponry.basic/pole_from_leather": {
    "criteria": {
      "has_stick": "2024-05-11 06:30:17 +0000"
    },
    "done": true
  },
  "minecraft:recipes/building_blocks/emerald_block": {
    "criteria": {
      "has_emerald": "2024-05-11 06:18:35 +0000"
    },
    "done": true
  },
  "spartanweaponry:recipes/spartanweaponry.basic/javelin_gold": {
    "criteria": {
      "has_gold_ingot": "2024-05-11 06:29:01 +0000"
    },
    "done": true
  },
  "minecraft:recipes/misc/gold_nugget": {
    "criteria": {
      "has_gold_ingot": "2024-05-11 06:29:01 +0000"
    },
    "done": true
  },
  "spartanweaponry:recipes/spartanweaponry.basic/flanged_mace_iron": {
    "criteria": {
      "has_iron_ingot": "2024-05-11 06:38:30 +0000"
    },
    "done": true
  },
  "minecraft:recipes/misc/sugar_from_sugar_cane": {
    "criteria": {
      "has_reeds": "2024-05-11 06:18:59 +0000"
    },
    "done": true
  },
  "spartanweaponry:recipes/spartanweaponry.basic/warhammer_gold": {
    "criteria": {
      "has_gold_ingot": "2024-05-11 06:29:01 +0000"
    },
    "done": true
  },
  "spartanweaponry:recipes/spartanweaponry.modded/dagger_copper": {
    "criteria": {
      "has_copper_ingot": "2024-05-11 06:18:43 +0000"
    },
    "done": true
  },
  "spartanweaponry:recipes/spartanweaponry.basic/cestus": {
    "criteria": {
      "has_leather": "2024-05-11 06:22:09 +0000"
    },
    "done": true
  },
  "minecraft:recipes/combat/iron_leggings": {
    "criteria": {
      "has_iron_ingot": "2024-05-11 06:38:30 +0000"
    },
    "done": true
  },
  "minecraft:husbandry/balanced_diet": {
    "criteria": {
      "cooked_porkchop": "2024-05-11 06:20:41 +0000",
      "cooked_beef": "2024-05-11 06:19:20 +0000",
      "bread": "2024-05-11 06:59:39 +0000"
    },
    "done": false
  },
  "minecraft:recipes/brewing/golden_carrot": {
    "criteria": {
      "has_gold_nugget": "2024-05-11 06:18:35 +0000"
    },
    "done": true
  },
  "minecraft:recipes/tools/wooden_hoe": {
    "criteria": {
      "has_stick": "2024-05-11 06:30:17 +0000"
    },
    "done": true
  },
  "minecraft:recipes/combat/shield": {
    "criteria": {
      "has_iron_ingot": "2024-05-11 06:38:30 +0000"
    },
    "done": true
  },
  "minecraft:recipes/decorations/respawn_anchor": {
    "criteria": {
      "has_obsidian": "2024-05-11 06:18:43 +0000"
    },
    "done": true
  },
  "minecraft:recipes/building_blocks/cobblestone_slab": {
    "criteria": {
      "has_cobblestone": "2024-05-11 06:34:33 +0000"
    },
    "done": true
  },
  "minecraft:recipes/misc/bucket": {
    "criteria": {
      "has_iron_ingot": "2024-05-11 06:38:30 +0000"
    },
    "done": true
  },
  "spartanweaponry:recipes/spartanweaponry.basic/longbow_gold": {
    "criteria": {
      "has_gold_ingot": "2024-05-11 06:29:01 +0000"
    },
    "done": true
  },
  "minecraft:recipes/building_blocks/cobblestone_stairs": {
    "criteria": {
      "has_cobblestone": "2024-05-11 06:34:33 +0000"
    },
    "done": true
  },
  "spartanweaponry:recipes/spartanweaponry.basic/quarterstaff_gold": {
    "criteria": {
      "has_gold_ingot": "2024-05-11 06:29:01 +0000"
    },
    "done": true
  },
  "minecraft:recipes/building_blocks/stone_brick_stairs_from_stone_bricks_stonecutting": {
    "criteria": {
      "has_stone_bricks": "2024-05-11 06:40:49 +0000"
    },
    "done": true
  },
  "minecraft:recipes/redstone/hopper": {
    "criteria": {
      "has_iron_ingot": "2024-05-11 06:38:30 +0000"
    },
    "done": true
  },
  "spartanweaponry:recipes/spartanweaponry.basic/javelin_stone": {
    "criteria": {
      "has_cobblestone": "2024-05-11 06:34:33 +0000"
    },
    "done": true
  },
  "minecraft:recipes/decorations/yellow_bed_from_white_bed": {
    "criteria": {
      "has_bed": "2024-05-11 06:18:35 +0000"
    },
    "done": true
  },
  "spartanweaponry:recipes/spartanweaponry.basic/saber_iron": {
    "criteria": {
      "has_iron_ingot": "2024-05-11 06:38:30 +0000"
    },
    "done": true
  },
  "spartanweaponry:recipes/spartanweaponry.modded/javelin_copper": {
    "criteria": {
      "has_copper_ingot": "2024-05-11 06:18:43 +0000"
    },
    "done": true
  },
  "spartanweaponry:recipes/spartanweaponry.basic/throwing_knife_iron": {
    "criteria": {
      "has_iron_ingot": "2024-05-11 06:38:30 +0000"
    },
    "done": true
  },
  "spartanweaponry:recipes/spartanweaponry.modded/greatsword_copper": {
    "criteria": {
      "has_copper_ingot": "2024-05-11 06:18:43 +0000"
    },
    "done": true
  },
  "spartanweaponry:recipes/spartanweaponry.basic/flanged_mace_wood": {
    "criteria": {
      "has_wood": "2024-05-11 06:18:35 +0000"
    },
    "done": true
  },
  "minecraft:recipes/building_blocks/hay_block": {
    "criteria": {
      "has_wheat": "2024-05-11 06:18:43 +0000"
    },
    "done": true
  },
  "minecraft:recipes/misc/leather_horse_armor": {
    "criteria": {
      "has_leather": "2024-05-11 06:22:09 +0000"
    },
    "done": true
  },
  "dungeons_arise:find_foundry": {
    "criteria": {
      "location0": "2024-05-11 06:18:19 +0000"
    },
    "done": true
  },
  "minecraft:recipes/combat/leather_leggings": {
    "criteria": {
      "has_leather": "2024-05-11 06:22:09 +0000"
    },
    "done": true
  },
  "minecraft:recipes/combat/iron_helmet": {
    "criteria": {
      "has_iron_ingot": "2024-05-11 06:38:30 +0000"
    },
    "done": true
  },
  "minecraft:recipes/tools/golden_shovel": {
    "criteria": {
      "has_gold_ingot": "2024-05-11 06:29:01 +0000"
    },
    "done": true
  },
  "minecraft:recipes/redstone/oak_fence_gate": {
    "criteria": {
      "has_planks": "2024-05-11 06:18:35 +0000"
    },
    "done": true
  },
  "minecraft:recipes/decorations/magenta_bed_from_white_bed": {
    "criteria": {
      "has_bed": "2024-05-11 06:18:35 +0000"
    },
    "done": true
  },
  "minecraft:recipes/decorations/iron_bars": {
    "criteria": {
      "has_iron_ingot": "2024-05-11 06:38:30 +0000"
    },
    "done": true
  },
  "spartanweaponry:recipes/spartanweaponry.basic/tomahawk_wood": {
    "criteria": {
      "has_wood": "2024-05-11 06:18:35 +0000"
    },
    "done": true
  },
  "spartanweaponry:recipes/spartanweaponry.basic/heavy_crossbow_leather": {
    "criteria": {
      "has_leather": "2024-05-11 06:22:09 +0000"
    },
    "done": true
  },
  "minecraft:recipes/decorations/orange_bed_from_white_bed": {
    "criteria": {
      "has_bed": "2024-05-11 06:18:35 +0000"
    },
    "done": true
  },
  "spartanweaponry:root": {
    "criteria": {
      "has_handle": "2024-05-11 06:18:43 +0000"
    },
    "done": true
  },
  "minecraft:recipes/building_blocks/gold_block": {
    "criteria": {
      "has_gold_ingot": "2024-05-11 06:29:01 +0000"
    },
    "done": true
  },
  "minecraft:story/obtain_armor": {
    "criteria": {
      "iron_helmet": "2024-05-11 06:18:35 +0000"
    },
    "done": true
  },
  "spartanweaponry:recipes/spartanweaponry.basic/dagger_wood": {
    "criteria": {
      "has_wood": "2024-05-11 06:18:35 +0000"
    },
    "done": true
  },
  "minecraft:story/mine_stone": {
    "criteria": {
      "get_stone": "2024-05-11 06:34:33 +0000"
    },
    "done": true
  },
  "minecraft:recipes/decorations/furnace": {
    "criteria": {
      "has_cobblestone": "2024-05-11 06:34:33 +0000"
    },
    "done": true
  },
  "minecraft:recipes/transportation/minecart": {
    "criteria": {
      "has_iron_ingot": "2024-05-11 06:38:30 +0000"
    },
    "done": true
  },
  "spartanweaponry:recipes/spartanweaponry.basic/pike_stone": {
    "criteria": {
      "has_cobblestone": "2024-05-11 06:34:33 +0000"
    },
    "done": true
  },
  "minecraft:recipes/brewing/cauldron": {
    "criteria": {
      "has_water_bucket": "2024-05-11 06:18:43 +0000"
    },
    "done": true
  },
  "minecraft:adventure/sleep_in_bed": {
    "criteria": {
      "slept_in_bed": "2024-05-11 06:22:11 +0000"
    },
    "done": true
  },
  "spartanweaponry:recipes/spartanweaponry.basic/glaive_stone": {
    "criteria": {
      "has_cobblestone": "2024-05-11 06:34:33 +0000"
    },
    "done": true
  },
  "minecraft:recipes/tools/iron_hoe": {
    "criteria": {
      "has_iron_ingot": "2024-05-11 06:38:30 +0000"
    },
    "done": true
  },
  "minecraft:story/lava_bucket": {
    "criteria": {
      "lava_bucket": "2024-05-11 06:46:36 +0000"
    },
    "done": true
  },
  "spartanweaponry:recipes/spartanweaponry.basic/parrying_dagger_iron": {
    "criteria": {
      "has_iron_ingot": "2024-05-11 06:38:30 +0000"
    },
    "done": true
  },
  "minecraft:recipes/tools/wooden_pickaxe": {
    "criteria": {
      "has_stick": "2024-05-11 06:30:17 +0000"
    },
    "done": true
  },
  "minecraft:recipes/building_blocks/cobblestone_slab_from_cobblestone_stonecutting": {
    "criteria": {
      "has_cobblestone": "2024-05-11 06:34:33 +0000"
    },
    "done": true
  },
  "minecraft:husbandry/root": {
    "criteria": {
      "consumed_item": "2024-05-11 06:19:20 +0000"
    },
    "done": true
  },
  "minecraft:recipes/building_blocks/stone_brick_slab": {
    "criteria": {
      "has_stone_bricks": "2024-05-11 06:40:49 +0000"
    },
    "done": true
  },
  "spartanweaponry:recipes/spartanweaponry.basic/heavy_crossbow_gold": {
    "criteria": {
      "has_gold_ingot": "2024-05-11 06:29:01 +0000"
    },
    "done": true
  },
  "minecraft:recipes/transportation/birch_boat": {
    "criteria": {
      "in_water": "2024-05-11 06:18:23 +0000"
    },
    "done": true
  },
  "spartanweaponry:recipes/spartanweaponry.basic/spear_wood": {
    "criteria": {
      "has_wood": "2024-05-11 06:18:35 +0000"
    },
    "done": true
  },
  "minecraft:recipes/food/golden_apple": {
    "criteria": {
      "has_gold_ingot": "2024-05-11 06:29:01 +0000"
    },
    "done": true
  },
  "minecraft:recipes/building_blocks/oak_stairs": {
    "criteria": {
      "has_planks": "2024-05-11 06:18:35 +0000"
    },
    "done": true
  },
  "minecraft:recipes/decorations/enchanting_table": {
    "criteria": {
      "has_obsidian": "2024-05-11 06:18:43 +0000"
    },
    "done": true
  },
  "spartanweaponry:recipes/spartanweaponry.basic/rapier_stone": {
    "criteria": {
      "has_cobblestone": "2024-05-11 06:34:33 +0000"
    },
    "done": true
  },
  "spartanweaponry:recipes/spartanweaponry.modded/scythe_copper": {
    "criteria": {
      "has_copper_ingot": "2024-05-11 06:18:43 +0000"
    },
    "done": true
  },
  "minecraft:recipes/tools/iron_shovel": {
    "criteria": {
      "has_iron_ingot": "2024-05-11 06:38:30 +0000"
    },
    "done": true
  },
  "minecraft:recipes/transportation/acacia_boat": {
    "criteria": {
      "in_water": "2024-05-11 06:18:23 +0000"
    },
    "done": true
  },
  "spartanweaponry:recipes/spartanweaponry.basic/dagger_iron": {
    "criteria": {
      "has_iron_ingot": "2024-05-11 06:38:30 +0000"
    },
    "done": true
  },
  "spartanweaponry:recipes/spartanweaponry.modded/longbow_copper": {
    "criteria": {
      "has_copper_ingot": "2024-05-11 06:18:43 +0000"
    },
    "done": true
  },
  "minecraft:recipes/redstone/iron_trapdoor": {
    "criteria": {
      "has_iron_ingot": "2024-05-11 06:38:30 +0000"
    },
    "done": true
  },
  "minecraft:recipes/decorations/cyan_bed_from_white_bed": {
    "criteria": {
      "has_bed": "2024-05-11 06:18:35 +0000"
    },
    "done": true
  },
  "spartanweaponry:recipes/spartanweaponry.basic/handle_from_leather": {
    "criteria": {
      "has_stick": "2024-05-11 06:30:17 +0000"
    },
    "done": true
  },
  "minecraft:adventure/root": {
    "criteria": {
      "killed_something": "2024-05-11 06:18:53 +0000"
    },
    "done": true
  },
  "spartanweaponry:recipes/spartanweaponry.basic/spear_iron": {
    "criteria": {
      "has_iron_ingot": "2024-05-11 06:38:30 +0000"
    },
    "done": true
  },
  "spartanweaponry:recipes/spartanweaponry.basic/boomerang_stone": {
    "criteria": {
      "has_cobblestone": "2024-05-11 06:34:33 +0000"
    },
    "done": true
  },
  "minecraft:recipes/decorations/gray_bed_from_white_bed": {
    "criteria": {
      "has_bed": "2024-05-11 06:18:35 +0000"
    },
    "done": true
  },
  "minecraft:recipes/decorations/item_frame": {
    "criteria": {
      "has_leather": "2024-05-11 06:22:09 +0000"
    },
    "done": true
  },
  "minecraft:recipes/decorations/lime_bed_from_white_bed": {
    "criteria": {
      "has_bed": "2024-05-11 06:18:35 +0000"
    },
    "done": true
  },
  "minecraft:recipes/tools/stone_hoe": {
    "criteria": {
      "has_cobblestone": "2024-05-11 06:34:33 +0000"
    },
    "done": true
  },
  "minecraft:recipes/food/baked_potato_from_smoking": {
    "criteria": {
      "has_potato": "2024-05-11 06:37:38 +0000"
    },
    "done": true
  },
  "spartanweaponry:recipes/spartanweaponry.modded/battleaxe_copper": {
    "criteria": {
      "has_copper_ingot": "2024-05-11 06:18:43 +0000"
    },
    "done": true
  },
  "spartanweaponry:recipes/spartanweaponry.basic/heavy_crossbow_iron": {
    "criteria": {
      "has_iron_ingot": "2024-05-11 06:38:30 +0000"
    },
    "done": true
  },
  "minecraft:adventure/kill_all_mobs": {
    "criteria": {
      "minecraft:blaze": "2024-05-11 06:28:00 +0000",
      "minecraft:skeleton": "2024-05-11 06:32:10 +0000",
      "minecraft:magma_cube": "2024-05-11 06:18:53 +0000",
      "minecraft:piglin_brute": "2024-05-11 06:36:39 +0000",
      "minecraft:spider": "2024-05-11 06:25:31 +0000",
      "minecraft:wither_skeleton": "2024-05-11 06:27:37 +0000",
      "minecraft:zombie": "2024-05-11 06:20:44 +0000"
    },
    "done": false
  },
  "minecraft:recipes/decorations/green_bed_from_white_bed": {
    "criteria": {
      "has_bed": "2024-05-11 06:18:35 +0000"
    },
    "done": true
  },
  "minecraft:recipes/decorations/red_glazed_terracotta": {
    "criteria": {
      "has_red_terracotta": "2024-05-11 06:57:53 +0000"
    },
    "done": true
  },
  "spartanweaponry:recipes/spartanweaponry.basic/rapier_gold": {
    "criteria": {
      "has_gold_ingot": "2024-05-11 06:29:01 +0000"
    },
    "done": true
  },
  "spartanweaponry:recipes/spartanweaponry.basic/pike_wood": {
    "criteria": {
      "has_wood": "2024-05-11 06:18:35 +0000"
    },
    "done": true
  },
  "minecraft:recipes/decorations/stone_brick_wall": {
    "criteria": {
      "has_stone_bricks": "2024-05-11 06:40:49 +0000"
    },
    "done": true
  },
  "minecraft:recipes/food/baked_potato": {
    "criteria": {
      "has_potato": "2024-05-11 06:37:38 +0000"
    },
    "done": true
  },
  "spartanweaponry:recipes/spartanweaponry.basic/pike_iron": {
    "criteria": {
      "has_iron_ingot": "2024-05-11 06:38:30 +0000"
    },
    "done": true
  },
  "spartanweaponry:recipes/spartanweaponry.basic/warhammer_iron": {
    "criteria": {
      "has_iron_ingot": "2024-05-11 06:38:30 +0000"
    },
    "done": true
  },
  "minecraft:recipes/decorations/pink_bed_from_white_bed": {
    "criteria": {
      "has_bed": "2024-05-11 06:18:35 +0000"
    },
    "done": true
  },
  "spartanweaponry:recipes/spartanweaponry.basic/throwing_knife_gold": {
    "criteria": {
      "has_gold_ingot": "2024-05-11 06:29:01 +0000"
    },
    "done": true
  },
  "spartanweaponry:recipes/spartanweaponry.modded/glaive_copper": {
    "criteria": {
      "has_copper_ingot": "2024-05-11 06:18:43 +0000"
    },
    "done": true
  },
  "minecraft:recipes/misc/iron_nugget_from_smelting": {
    "criteria": {
      "has_chainmail_boots": "2024-05-11 06:18:35 +0000"
    },
    "done": true
  },
  "spartanweaponry:recipes/spartanweaponry.basic/tomahawk_gold": {
    "criteria": {
      "has_gold_ingot": "2024-05-11 06:29:01 +0000"
    },
    "done": true
  },
  "spartanweaponry:recipes/spartanweaponry.basic/lance_iron": {
    "criteria": {
      "has_iron_ingot": "2024-05-11 06:38:30 +0000"
    },
    "done": true
  },
  "spartanweaponry:recipes/spartanweaponry.basic/javelin_iron": {
    "criteria": {
      "has_iron_ingot": "2024-05-11 06:38:30 +0000"
    },
    "done": true
  },
  "minecraft:recipes/decorations/slime_block": {
    "criteria": {
      "has_slime_ball": "2024-05-11 06:18:59 +0000"
    },
    "done": true
  },
  "minecraft:recipes/misc/gold_ingot_from_nuggets": {
    "criteria": {
      "has_gold_nugget": "2024-05-11 06:18:35 +0000"
    },
    "done": true
  },
  "minecraft:recipes/decorations/chain": {
    "criteria": {
      "has_iron_ingot": "2024-05-11 06:38:30 +0000"
    },
    "done": true
  },
  "spartanweaponry:recipes/spartanweaponry.modded/heavy_crossbow_copper": {
    "criteria": {
      "has_copper_ingot": "2024-05-11 06:18:43 +0000"
    },
    "done": true
  },
  "spartanweaponry:recipes/spartanweaponry.basic/dagger_stone": {
    "criteria": {
      "has_cobblestone": "2024-05-11 06:34:33 +0000"
    },
    "done": true
  },
  "spartanweaponry:recipes/spartanweaponry.basic/quarterstaff_stone": {
    "criteria": {
      "has_cobblestone": "2024-05-11 06:34:33 +0000"
    },
    "done": true
  },
  "minecraft:recipes/decorations/oak_fence": {
    "criteria": {
      "has_planks": "2024-05-11 06:18:35 +0000"
    },
    "done": true
  },
  "minecraft:recipes/transportation/oak_boat": {
    "criteria": {
      "in_water": "2024-05-11 06:18:23 +0000"
    },
    "done": true
  },
  "spartanweaponry:recipes/spartanweaponry.basic/lance_wood": {
    "criteria": {
      "has_wood": "2024-05-11 06:18:35 +0000"
    },
    "done": true
  },
  "spartanweaponry:recipes/spartanweaponry.basic/warhammer_wood": {
    "criteria": {
      "has_wood": "2024-05-11 06:18:35 +0000"
    },
    "done": true
  },
  "spartanweaponry:recipes/spartanweaponry.basic/handle_from_string": {
    "criteria": {
      "has_stick": "2024-05-11 06:30:17 +0000"
    },
    "done": true
  },
  "spartanweaponry:recipes/spartanweaponry.basic/warhammer_stone": {
    "criteria": {
      "has_cobblestone": "2024-05-11 06:34:33 +0000"
    },
    "done": true
  },
  "minecraft:recipes/decorations/blue_bed_from_white_bed": {
    "criteria": {
      "has_bed": "2024-05-11 06:18:35 +0000"
    },
    "done": true
  },
  "minecraft:recipes/food/baked_potato_from_campfire_cooking": {
    "criteria": {
      "has_potato": "2024-05-11 06:37:38 +0000"
    },
    "done": true
  },
  "minecraft:recipes/building_blocks/oak_slab": {
    "criteria": {
      "has_planks": "2024-05-11 06:18:35 +0000"
    },
    "done": true
  },
  "spartanweaponry:recipes/spartanweaponry.basic/heavy_crossbow_wood": {
    "criteria": {
      "has_wood": "2024-05-11 06:18:35 +0000"
    },
    "done": true
  },
  "minecraft:recipes/building_blocks/stone_brick_stairs": {
    "criteria": {
      "has_stone_bricks": "2024-05-11 06:40:49 +0000"
    },
    "done": true
  },
  "spartanweaponry:recipes/spartanweaponry.basic/throwing_knife_stone": {
    "criteria": {
      "has_cobblestone": "2024-05-11 06:34:33 +0000"
    },
    "done": true
  },
  "minecraft:recipes/combat/golden_boots": {
    "criteria": {
      "has_gold_ingot": "2024-05-11 06:29:01 +0000"
    },
    "done": true
  },
  "spartanweaponry:recipes/spartanweaponry.basic/scythe_stone": {
    "criteria": {
      "has_cobblestone": "2024-05-11 06:34:33 +0000"
    },
    "done": true
  },
  "minecraft:recipes/tools/wooden_axe": {
    "criteria": {
      "has_stick": "2024-05-11 06:30:17 +0000"
    },
    "done": true
  },
  "spartanweaponry:recipes/spartanweaponry.modded/throwing_knife_copper": {
    "criteria": {
      "has_copper_ingot": "2024-05-11 06:18:43 +0000"
    },
    "done": true
  },
  "spartanweaponry:recipes/spartanweaponry.basic/handle_from_wool": {
    "criteria": {
      "has_stick": "2024-05-11 06:30:17 +0000"
    },
    "done": true
  },
  "spartanweaponry:recipes/spartanweaponry.arrows_bolts/arrow_iron": {
    "criteria": {
      "has_feather": "2024-05-11 06:18:43 +0000"
    },
    "done": true
  },
  "minecraft:recipes/misc/paper": {
    "criteria": {
      "has_reeds": "2024-05-11 06:18:59 +0000"
    },
    "done": true
  },
  "spartanweaponry:recipes/spartanweaponry.basic/scythe_gold": {
    "criteria": {
      "has_gold_ingot": "2024-05-11 06:29:01 +0000"
    },
    "done": true
  },
  "minecraft:recipes/combat/golden_chestplate": {
    "criteria": {
      "has_gold_ingot": "2024-05-11 06:29:01 +0000"
    },
    "done": true
  },
  "spartanweaponry:recipes/spartanweaponry.modded/lance_copper": {
    "criteria": {
      "has_copper_ingot": "2024-05-11 06:18:43 +0000"
    },
    "done": true
  },
  "spartanweaponry:recipes/spartanweaponry.basic/rapier_wood": {
    "criteria": {
      "has_wood": "2024-05-11 06:18:35 +0000"
    },
    "done": true
  },
  "minecraft:recipes/decorations/stone_brick_wall_from_stone_bricks_stonecutting": {
    "criteria": {
      "has_stone_bricks": "2024-05-11 06:40:49 +0000"
    },
    "done": true
  },
  "spartanweaponry:recipes/spartanweaponry.basic/halberd_gold": {
    "criteria": {
      "has_gold_ingot": "2024-05-11 06:29:01 +0000"
    },
    "done": true
  },
  "spartanweaponry:recipes/spartanweaponry.basic/glaive_iron": {
    "criteria": {
      "has_iron_ingot": "2024-05-11 06:38:30 +0000"
    },
    "done": true
  },
  "spartanweaponry:recipes/spartanweaponry.basic/glaive_wood": {
    "criteria": {
      "has_wood": "2024-05-11 06:18:35 +0000"
    },
    "done": true
  },
  "minecraft:recipes/building_blocks/chiseled_stone_bricks_from_stone_bricks_stonecutting": {
    "criteria": {
      "has_stone_bricks": "2024-05-11 06:40:49 +0000"
    },
    "done": true
  },
  "minecraft:recipes/building_blocks/iron_block": {
    "criteria": {
      "has_iron_ingot": "2024-05-11 06:38:30 +0000"
    },
    "done": true
  },
  "spartanweaponry:recipes/spartanweaponry.modded/longsword_copper": {
    "criteria": {
      "has_copper_ingot": "2024-05-11 06:18:43 +0000"
    },
    "done": true
  },
  "spartanweaponry:recipes/spartanweaponry.basic/battleaxe_gold": {
    "criteria": {
      "has_gold_ingot": "2024-05-11 06:29:01 +0000"
    },
    "done": true
  },
  "spartanweaponry:recipes/spartanweaponry.basic/halberd_wood": {
    "criteria": {
      "has_wood": "2024-05-11 06:18:35 +0000"
    },
    "done": true
  },
  "spartanweaponry:recipes/spartanweaponry.basic/lance_gold": {
    "criteria": {
      "has_gold_ingot": "2024-05-11 06:29:01 +0000"
    },
    "done": true
  },
  "minecraft:recipes/combat/arrow": {
    "criteria": {
      "has_feather": "2024-05-11 06:18:43 +0000"
    },
    "done": true
  },
  "minecraft:recipes/building_blocks/coal_block": {
    "criteria": {
      "has_coal": "2024-05-11 06:18:43 +0000"
    },
    "done": true
  },
  "spartanweaponry:recipes/spartanweaponry.basic/pike_gold": {
    "criteria": {
      "has_gold_ingot": "2024-05-11 06:29:01 +0000"
    },
    "done": true
  },
  "spartanweaponry:recipes/spartanweaponry.basic/rapier_iron": {
    "criteria": {
      "has_iron_ingot": "2024-05-11 06:38:30 +0000"
    },
    "done": true
  },
  "mowziesmobs:root": {
    "criteria": {
      "custom_test_name": "2024-05-11 06:17:29 +0000"
    },
    "done": true
  },
  "spartanweaponry:recipes/spartanweaponry.arrows_bolts/arrow_wood": {
    "criteria": {
      "has_feather": "2024-05-11 06:18:43 +0000"
    },
    "done": true
  },
  "minecraft:story/deflect_arrow": {
    "criteria": {
      "deflected_projectile": "2024-05-11 06:27:35 +0000"
    },
    "done": true
  },
  "minecraft:recipes/redstone/light_weighted_pressure_plate": {
    "criteria": {
      "has_gold_ingot": "2024-05-11 06:29:01 +0000"
    },
    "done": true
  },
  "minecraft:recipes/combat/wooden_sword": {
    "criteria": {
      "has_stick": "2024-05-11 06:30:17 +0000"
    },
    "done": true
  },
  "minecraft:recipes/tools/stone_shovel": {
    "criteria": {
      "has_cobblestone": "2024-05-11 06:34:33 +0000"
    },
    "done": true
  },
  "spartanweaponry:recipes/spartanweaponry.arrows_bolts/bolt": {
    "criteria": {
      "has_feather": "2024-05-11 06:18:43 +0000"
    },
    "done": true
  },
  "spartanweaponry:recipes/spartanweaponry.basic/battleaxe_iron": {
    "criteria": {
      "has_iron_ingot": "2024-05-11 06:38:30 +0000"
    },
    "done": true
  },
  "spartanweaponry:recipes/spartanweaponry.basic/quiver_arrow_small": {
    "criteria": {
      "has_arrow": "2024-05-11 06:18:59 +0000"
    },
    "done": true
  },
  "spartanweaponry:recipes/spartanweaponry.modded/flanged_mace_copper": {
    "criteria": {
      "has_copper_ingot": "2024-05-11 06:18:43 +0000"
    },
    "done": true
  },
  "spartanweaponry:recipes/spartanweaponry.basic/flanged_mace_stone": {
    "criteria": {
      "has_cobblestone": "2024-05-11 06:34:33 +0000"
    },
    "done": true
  },
  "minecraft:recipes/tools/golden_axe": {
    "criteria": {
      "has_gold_ingot": "2024-05-11 06:29:01 +0000"
    },
    "done": true
  },
  "spartanweaponry:recipes/spartanweaponry.modded/boomerang_copper": {
    "criteria": {
      "has_copper_ingot": "2024-05-11 06:18:43 +0000"
    },
    "done": true
  },
  "spartanweaponry:recipes/spartanweaponry.basic/hammer_stone": {
    "criteria": {
      "has_cobblestone": "2024-05-11 06:34:33 +0000"
    },
    "done": true
  },
  "minecraft:recipes/tools/iron_axe": {
    "criteria": {
      "has_iron_ingot": "2024-05-11 06:38:30 +0000"
    },
    "done": true
  },
  "minecraft:recipes/building_blocks/polished_andesite_stairs_from_polished_andesite_stonecutting": {
    "criteria": {
      "has_polished_andesite": "2024-05-11 06:26:31 +0000"
    },
    "done": true
  },
  "spartanweaponry:recipes/spartanweaponry.basic/tomahawk_stone": {
    "criteria": {
      "has_cobblestone": "2024-05-11 06:34:33 +0000"
    },
    "done": true
  },
  "minecraft:recipes/combat/golden_helmet": {
    "criteria": {
      "has_gold_ingot": "2024-05-11 06:29:01 +0000"
    },
    "done": true
  },
  "minecraft:recipes/tools/lead": {
    "criteria": {
      "has_slime_ball": "2024-05-11 06:18:59 +0000"
    },
    "done": true
  },
  "spartanweaponry:recipes/spartanweaponry.basic/battleaxe_stone": {
    "criteria": {
      "has_cobblestone": "2024-05-11 06:34:33 +0000"
    },
    "done": true
  },
  "minecraft:recipes/redstone/oak_pressure_plate": {
    "criteria": {
      "has_planks": "2024-05-11 06:18:35 +0000"
    },
    "done": true
  },
  "spartanweaponry:recipes/spartanweaponry.basic/battleaxe_wood": {
    "criteria": {
      "has_wood": "2024-05-11 06:18:35 +0000"
    },
    "done": true
  },
  "minecraft:recipes/combat/iron_boots": {
    "criteria": {
      "has_iron_ingot": "2024-05-11 06:38:30 +0000"
    },
    "done": true
  },
  "spartanweaponry:recipes/spartanweaponry.arrows_bolts/arrow_diamond": {
    "criteria": {
      "has_feather": "2024-05-11 06:18:43 +0000"
    },
    "done": true
  },
  "minecraft:recipes/misc/bone_meal": {
    "criteria": {
      "has_bone": "2024-05-11 06:18:35 +0000"
    },
    "done": true
  },
  "spartanweaponry:recipes/spartanweaponry.basic/tomahawk_iron": {
    "criteria": {
      "has_iron_ingot": "2024-05-11 06:38:30 +0000"
    },
    "done": true
  },
  "spartanweaponry:recipes/spartanweaponry.basic/boomerang_gold": {
    "criteria": {
      "has_gold_ingot": "2024-05-11 06:29:01 +0000"
    },
    "done": true
  },
  "minecraft:story/iron_tools": {
    "criteria": {
      "iron_pickaxe": "2024-05-11 06:50:02 +0000"
    },
    "done": true
  },
  "spartanweaponry:recipes/spartanweaponry.basic/glaive_gold": {
    "criteria": {
      "has_gold_ingot": "2024-05-11 06:29:01 +0000"
    },
    "done": true
  },
  "spartanweaponry:recipes/spartanweaponry.basic/katana_iron": {
    "criteria": {
      "has_iron_ingot": "2024-05-11 06:38:30 +0000"
    },
    "done": true
  },
  "minecraft:recipes/combat/iron_chestplate": {
    "criteria": {
      "has_iron_ingot": "2024-05-11 06:38:30 +0000"
    },
    "done": true
  },
  "minecraft:recipes/combat/crossbow": {
    "criteria": {
      "has_stick": "2024-05-11 06:30:17 +0000"
    },
    "done": true
  },
  "spartanweaponry:recipes/spartanweaponry.basic/pole_from_wool": {
    "criteria": {
      "has_stick": "2024-05-11 06:30:17 +0000"
    },
    "done": true
  },
  "spartanweaponry:recipes/spartanweaponry.basic/throwing_knife_wood": {
    "criteria": {
      "has_wood": "2024-05-11 06:18:35 +0000"
    },
    "done": true
  },
  "spartanweaponry:recipes/spartanweaponry.modded/parrying_dagger_copper": {
    "criteria": {
      "has_copper_ingot": "2024-05-11 06:18:43 +0000"
    },
    "done": true
  },
  "minecraft:recipes/decorations/oak_sign": {
    "criteria": {
      "has_oak_planks": "2024-05-11 06:18:35 +0000"
    },
    "done": true
  },
  "minecraft:recipes/redstone/oak_trapdoor": {
    "criteria": {
      "has_planks": "2024-05-11 06:18:35 +0000"
    },
    "done": true
  },
  "spartanweaponry:recipes/spartanweaponry.basic/katana_wood": {
    "criteria": {
      "has_wood": "2024-05-11 06:18:35 +0000"
    },
    "done": true
  },
  "minecraft:story/form_obsidian": {
    "criteria": {
      "obsidian": "2024-05-11 06:18:43 +0000"
    },
    "done": true
  },
  "spartanweaponry:recipes/spartanweaponry.basic/scythe_wood": {
    "criteria": {
      "has_wood": "2024-05-11 06:18:35 +0000"
    },
    "done": true
  },
  "spartanweaponry:recipes/spartanweaponry.basic/greatsword_stone": {
    "criteria": {
      "has_cobblestone": "2024-05-11 06:34:33 +0000"
    },
    "done": true
  },
  "minecraft:recipes/decorations/light_blue_bed_from_white_bed": {
    "criteria": {
      "has_bed": "2024-05-11 06:18:35 +0000"
    },
    "done": true
  },
  "spartanweaponry:battle_hammer": {
    "criteria": {
      "has_battle_hammer": "2024-05-11 06:18:35 +0000"
    },
    "done": true
  },
  "minecraft:recipes/misc/iron_nugget_from_blasting": {
    "criteria": {
      "has_chainmail_boots": "2024-05-11 06:18:35 +0000"
    },
    "done": true
  },
  "minecraft:recipes/combat/leather_chestplate": {
    "criteria": {
      "has_leather": "2024-05-11 06:22:09 +0000"
    },
    "done": true
  },
  "spartanweaponry:recipes/spartanweaponry.basic/quarterstaff_iron": {
    "criteria": {
      "has_iron_ingot": "2024-05-11 06:38:30 +0000"
    },
    "done": true
  },
  "minecraft:adventure/kill_a_mob": {
    "criteria": {
      "minecraft:magma_cube": "2024-05-11 06:18:53 +0000"
    },
    "done": true
  },
  "minecraft:recipes/redstone/oak_button": {
    "criteria": {
      "has_planks": "2024-05-11 06:18:35 +0000"
    },
    "done": true
  },
  "spartanweaponry:recipes/spartanweaponry.basic/greatsword_wood": {
    "criteria": {
      "has_wood": "2024-05-11 06:18:35 +0000"
    },
    "done": true
  },
  "minecraft:recipes/tools/golden_pickaxe": {
    "criteria": {
      "has_gold_ingot": "2024-05-11 06:29:01 +0000"
    },
    "done": true
  },
  "spartanweaponry:recipes/spartanweaponry.basic/katana_gold": {
    "criteria": {
      "has_gold_ingot": "2024-05-11 06:29:01 +0000"
    },
    "done": true
  },
  "minecraft:recipes/redstone/sticky_piston": {
    "criteria": {
      "has_slime_ball": "2024-05-11 06:18:59 +0000"
    },
    "done": true
  },
  "minecraft:recipes/building_blocks/stone": {
    "criteria": {
      "has_cobblestone": "2024-05-11 06:34:33 +0000"
    },
    "done": true
  },
  "spartanweaponry:recipes/spartanweaponry.basic/scythe_iron": {
    "criteria": {
      "has_iron_ingot": "2024-05-11 06:38:30 +0000"
    },
    "done": true
  },
  "spartanweaponry:recipes/spartanweaponry.basic/spear_stone": {
    "criteria": {
      "has_cobblestone": "2024-05-11 06:34:33 +0000"
    },
    "done": true
  },
  "minecraft:adventure/adventuring_time": {
    "criteria": {
      "minecraft:mountains": "2024-05-11 06:18:13 +0000",
      "minecraft:birch_forest": "2024-05-11 06:18:15 +0000",
      "minecraft:river": "2024-05-11 06:17:59 +0000",
      "minecraft:birch_forest_hills": "2024-05-11 06:18:56 +0000",
      "minecraft:wooded_mountains": "2024-05-11 06:18:08 +0000",
      "minecraft:plains": "2024-05-11 06:17:29 +0000"
    },
    "done": false
  },
  "minecraft:recipes/redstone/iron_door": {
    "criteria": {
      "has_iron_ingot": "2024-05-11 06:38:30 +0000"
    },
    "done": true
  },
  "spartanweaponry:recipes/spartanweaponry.basic/greatsword_iron": {
    "criteria": {
      "has_iron_ingot": "2024-05-11 06:38:30 +0000"
    },
    "done": true
  },
  "spartanweaponry:recipes/spartanweaponry.basic/saber_gold": {
    "criteria": {
      "has_gold_ingot": "2024-05-11 06:29:01 +0000"
    },
    "done": true
  },
  "minecraft:recipes/decorations/purple_bed_from_white_bed": {
    "criteria": {
      "has_bed": "2024-05-11 06:18:35 +0000"
    },
    "done": true
  },
  "spartanweaponry:recipes/spartanweaponry.basic/boomerang_wood": {
    "criteria": {
      "has_wood": "2024-05-11 06:18:35 +0000"
    },
    "done": true
  },
  "spartanweaponry:recipes/spartanweaponry.basic/quarterstaff_wood": {
    "criteria": {
      "has_wood": "2024-05-11 06:18:35 +0000"
    },
    "done": true
  },
  "spartanweaponry:recipes/spartanweaponry.basic/longbow_leather": {
    "criteria": {
      "has_leather": "2024-05-11 06:22:09 +0000"
    },
    "done": true
  },
  "spartanweaponry:recipes/spartanweaponry.basic/saber_stone": {
    "criteria": {
      "has_cobblestone": "2024-05-11 06:34:33 +0000"
    },
    "done": true
  },
  "minecraft:recipes/combat/stone_sword": {
    "criteria": {
      "has_cobblestone": "2024-05-11 06:34:33 +0000"
    },
    "done": true
  },
  "spartanweaponry:recipes/spartanweaponry.modded/spear_copper": {
    "criteria": {
      "has_copper_ingot": "2024-05-11 06:18:43 +0000"
    },
    "done": true
  },
  "minecraft:recipes/decorations/cobblestone_wall": {
    "criteria": {
      "has_cobblestone": "2024-05-11 06:34:33 +0000"
    },
    "done": true
  },
  "spartanweaponry:recipes/spartanweaponry.basic/longbow_wood": {
    "criteria": {
      "has_wood": "2024-05-11 06:18:35 +0000"
    },
    "done": true
  },
  "minecraft:recipes/decorations/barrel": {
    "criteria": {
      "has_planks": "2024-05-11 06:18:35 +0000"
    },
    "done": true
  },
  "spartanweaponry:recipes/spartanweaponry.modded/pike_copper": {
    "criteria": {
      "has_copper_ingot": "2024-05-11 06:18:43 +0000"
    },
    "done": true
  },
  "minecraft:recipes/tools/stone_pickaxe": {
    "criteria": {
      "has_cobblestone": "2024-05-11 06:34:33 +0000"
    },
    "done": true
  },
  "minecraft:recipes/decorations/smithing_table": {
    "criteria": {
      "has_iron_ingot": "2024-05-11 06:38:30 +0000"
    },
    "done": true
  },
  "minecraft:recipes/redstone/oak_door": {
    "criteria": {
      "has_planks": "2024-05-11 06:18:35 +0000"
    },
    "done": true
  },
  "spartanweaponry:recipes/spartanweaponry.basic/halberd_iron": {
    "criteria": {
      "has_iron_ingot": "2024-05-11 06:38:30 +0000"
    },
    "done": true
  },
  "minecraft:recipes/combat/leather_boots": {
    "criteria": {
      "has_leather": "2024-05-11 06:22:09 +0000"
    },
    "done": true
  },
  "minecraft:recipes/transportation/jungle_boat": {
    "criteria": {
      "in_water": "2024-05-11 06:18:23 +0000"
    },
    "done": true
  },
  "minecraft:adventure/shoot_arrow": {
    "criteria": {
      "shot_arrow": "2024-05-11 06:27:53 +0000"
    },
    "done": true
  },
  "minecraft:recipes/decorations/cobblestone_wall_from_cobblestone_stonecutting": {
    "criteria": {
      "has_cobblestone": "2024-05-11 06:34:33 +0000"
    },
    "done": true
  },
  "minecraft:recipes/building_blocks/polished_andesite_slab_from_polished_andesite_stonecutting": {
    "criteria": {
      "has_polished_andesite": "2024-05-11 06:26:31 +0000"
    },
    "done": true
  },
  "spartanweaponry:recipes/spartanweaponry.basic/halberd_stone": {
    "criteria": {
      "has_cobblestone": "2024-05-11 06:34:33 +0000"
    },
    "done": true
  },
  "spartanweaponry:recipes/spartanweaponry.arrows_bolts/bolt_diamond": {
    "criteria": {
      "has_feather": "2024-05-11 06:18:43 +0000"
    },
    "done": true
  },
  "spartanweaponry:recipes/spartanweaponry.basic/hammer_wood": {
    "criteria": {
      "has_wood": "2024-05-11 06:18:35 +0000"
    },
    "done": true
  },
  "minecraft:recipes/redstone/heavy_weighted_pressure_plate": {
    "criteria": {
      "has_iron_ingot": "2024-05-11 06:38:30 +0000"
    },
    "done": true
  },
  "minecraft:recipes/transportation/carrot_on_a_stick": {
    "criteria": {
      "has_carrot": "2024-05-11 06:18:59 +0000"
    },
    "done": true
  },
  "minecraft:recipes/transportation/dark_oak_boat": {
    "criteria": {
      "in_water": "2024-05-11 06:18:23 +0000"
    },
    "done": true
  },
  "spartanweaponry:recipes/spartanweaponry.basic/longbow_iron": {
    "criteria": {
      "has_iron_ingot": "2024-05-11 06:38:30 +0000"
    },
    "done": true
  },
  "spartanweaponry:recipes/spartanweaponry.basic/parrying_dagger_stone": {
    "criteria": {
      "has_cobblestone": "2024-05-11 06:34:33 +0000"
    },
    "done": true
  },
  "spartanweaponry:recipes/spartanweaponry.basic/longsword_wood": {
    "criteria": {
      "has_wood": "2024-05-11 06:18:35 +0000"
    },
    "done": true
  },
  "minecraft:recipes/decorations/brown_bed_from_white_bed": {
    "criteria": {
      "has_bed": "2024-05-11 06:18:35 +0000"
    },
    "done": true
  },
  "dungeons_arise:wda_root": {
    "criteria": {
      "WDA": "2024-05-11 06:17:29 +0000"
    },
    "done": true
  },
  "spartanweaponry:recipes/spartanweaponry.modded/katana_copper": {
    "criteria": {
      "has_copper_ingot": "2024-05-11 06:18:43 +0000"
    },
    "done": true
  },
  "spartanweaponry:recipes/spartanweaponry.modded/quarterstaff_copper": {
    "criteria": {
      "has_copper_ingot": "2024-05-11 06:18:43 +0000"
    },
    "done": true
  },
  "minecraft:recipes/combat/golden_leggings": {
    "criteria": {
      "has_gold_ingot": "2024-05-11 06:29:01 +0000"
    },
    "done": true
  },
  "minecraft:recipes/decorations/lantern": {
    "criteria": {
      "has_iron_ingot": "2024-05-11 06:38:30 +0000"
    },
    "done": true
  },
  "spartanweaponry:recipes/spartanweaponry.basic/pole_from_string": {
    "criteria": {
      "has_stick": "2024-05-11 06:30:17 +0000"
    },
    "done": true
  },
  "spartanweaponry:recipes/spartanweaponry.basic/boomerang_iron": {
    "criteria": {
      "has_iron_ingot": "2024-05-11 06:38:30 +0000"
    },
    "done": true
  },
  "spartanweaponry:recipes/spartanweaponry.modded/saber_copper": {
    "criteria": {
      "has_copper_ingot": "2024-05-11 06:18:43 +0000"
    },
    "done": true
  },
  "spartanweaponry:recipes/spartanweaponry.basic/hammer_iron": {
    "criteria": {
      "has_iron_ingot": "2024-05-11 06:38:30 +0000"
    },
    "done": true
  },
  "spartanweaponry:recipes/spartanweaponry.modded/halberd_copper": {
    "criteria": {
      "has_copper_ingot": "2024-05-11 06:18:43 +0000"
    },
    "done": true
  },
  "minecraft:recipes/decorations/red_bed_from_white_bed": {
    "criteria": {
      "has_bed": "2024-05-11 06:18:35 +0000"
    },
    "done": true
  },
  "spartanweaponry:recipes/spartanweaponry.basic/lance_stone": {
    "criteria": {
      "has_cobblestone": "2024-05-11 06:34:33 +0000"
    },
    "done": true
  },
  "minecraft:recipes/decorations/soul_campfire": {
    "criteria": {
      "has_stick": "2024-05-11 06:30:17 +0000"
    },
    "done": true
  },
  "minecraft:story/smelt_iron": {
    "criteria": {
      "iron": "2024-05-11 06:38:30 +0000"
    },
    "done": true
  },
  "minecraft:recipes/tools/stone_axe": {
    "criteria": {
      "has_cobblestone": "2024-05-11 06:34:33 +0000"
    },
    "done": true
  },
  "spartanweaponry:recipes/spartanweaponry.modded/warhammer_copper": {
    "criteria": {
      "has_copper_ingot": "2024-05-11 06:18:43 +0000"
    },
    "done": true
  },
  "spartanweaponry:recipes/spartanweaponry.basic/longsword_iron": {
    "criteria": {
      "has_iron_ingot": "2024-05-11 06:38:30 +0000"
    },
    "done": true
  },
  "minecraft:recipes/decorations/light_gray_bed_from_white_bed": {
    "criteria": {
      "has_bed": "2024-05-11 06:18:35 +0000"
    },
    "done": true
  },
  "DataVersion": 2586
}